startedDateTime,url,hostname,path,file_ext,asset_type,chunk_id,status,statusText,serverIPAddress,connection,req_header_Host,resp_header_Content_Type,resp_header_Content_Length,mimeType,content_size,content_encoding,bodySize,response_headersSize,request_headersSize,time_ms,blocked_ms,connect_ms,wait_ms,receive_ms,throughput_Bps,is_success,is_redirect,is_error,is_media
2026-03-06T10:56:35.936+00:00,http://central.cdn.ip:8087/central.cdn.ip:8087/cat/3/a/0/live/smil:102.smil/102/102high/chunklist_1079929.ts?bcod=8bf7437b-457a-3a66-94ea-3ec5a50fc74f,central.cdn.ip,/central.cdn.ip:8087/cat/3/a/0/live/smil:102.smil/102/102high/chunklist_1079929.ts,.ts,chunk,1079929,200,OK,central.cdn.ip,8087,central.cdn.ip:8087,video/MP2T,1106192,video/mp2t,1106192,base64,1106360,168,430,1277,,81,82,1114,993141.8312387791,1,0,0,1
2026-03-06T10:56:37.770+00:00,http://central.cdn.ip:8087/central.cdn.ip:8087/cat/3/a/0/live/smil:102.smil/102/102high/chunklist.m3u8?bcod=8bf7437b-457a-3a66-94ea-3ec5a50fc74f,central.cdn.ip,/central.cdn.ip:8087/cat/3/a/0/live/smil:102.smil/102/102high/chunklist.m3u8,.m3u8,manifest,,200,OK,central.cdn.ip,8087,central.cdn.ip:8087,application/x-mpegURL,2610,application/x-mpegurl,2610,,2766,156,424,163,,81,82,0,,1,0,0,1
2026-03-06T10:56:53.350+00:00,http://central.cdn.ip/roviImage/?title=3951163,central.cdn.ip,/roviImage/,,other,,0,,,,central.cdn.ip,,,,,,,0,0,0,,,,,,0,0,0,0
2026-03-06T10:56:53.710+00:00,http://central.cdn.ip:8087/central.cdn.ip:8087/cat/3/a/0/live/smil:102.smil/102/102high/chunklist.m3u8?bcod=8bf7437b-457a-3a66-94ea-3ec5a50fc74f,central.cdn.ip,/central.cdn.ip:8087/cat/3/a/0/live/smil:102.smil/102/102high/chunklist.m3u8,.m3u8,manifest,,200,OK,central.cdn.ip,8087,central.cdn.ip:8087,application/x-mpegURL,2610,application/x-mpegurl,2610,,2766,156,424,164,,81,83,0,,1,0,0,1
2026-03-06T10:56:54.198+00:00,http://central.cdn.ip:8087/central.cdn.ip:8087/cat/3/a/0/live/smil:102.smil/102/102high/chunklist_1079930.ts?bcod=8bf7437b-457a-3a66-94ea-3ec5a50fc74f,central.cdn.ip,/central.cdn.ip:8087/cat/3/a/0/live/smil:102.smil/102/102high/chunklist_1079930.ts,.ts,chunk,1079930,200,OK,central.cdn.ip,8087,central.cdn.ip:8087,video/MP2T,1166540,video/mp2t,1166540,base64,1166708,168,430,4060,,0,83,3977,293363.84209202917,1,0,0,1
2026-03-06T10:57:00.672+00:00,http://central.cdn.ip:8087/central.cdn.ip:8087/cat/3/a/0/live/smil:102.smil/102/102high/chunklist.m3u8?bcod=8bf7437b-457a-3a66-94ea-3ec5a50fc74f,central.cdn.ip,/central.cdn.ip:8087/cat/3/a/0/live/smil:102.smil/102/102high/chunklist.m3u8,.m3u8,manifest,,200,OK,central.cdn.ip,8087,central.cdn.ip:8087,application/x-mpegURL,2610,application/x-mpegurl,2610,,2766,156,424,163,,81,82,0,,1,0,0,1
2026-03-06T10:57:01.727+00:00,http://central.cdn.ip:8087/central.cdn.ip:8087/cat/3/a/0/live/smil:102.smil/102/102high/chunklist_1079931.ts?bcod=8bf7437b-457a-3a66-94ea-3ec5a50fc74f,central.cdn.ip,/central.cdn.ip:8087/cat/3/a/0/live/smil:102.smil/102/102high/chunklist_1079931.ts,.ts,chunk,1079931,200,OK,central.cdn.ip,8087,central.cdn.ip:8087,video/MP2T,1199628,video/mp2t,1199628,base64,1199796,168,430,1489,,0,82,1407,852733.4754797441,1,0,0,1
2026-03-06T10:57:07.276+00:00,http://central.cdn.ip:8087/central.cdn.ip:8087/cat/3/a/0/live/smil:102.smil/102/102high/chunklist.m3u8?bcod=8bf7437b-457a-3a66-94ea-3ec5a50fc74f,central.cdn.ip,/central.cdn.ip:8087/cat/3/a/0/live/smil:102.smil/102/102high/chunklist.m3u8,.m3u8,manifest,,200,OK,central.cdn.ip,8087,central.cdn.ip:8087,application/x-mpegURL,2610,application/x-mpegurl,2610,,2766,156,424,164,,81,83,0,,1,0,0,1
2026-03-06T10:57:35.511+00:00,http://central.cdn.ip:8087/central.cdn.ip:8087/cat/3/a/0/live/smil:102.smil/102/102high/chunklist_1079932.ts?bcod=8bf7437b-457a-3a66-94ea-3ec5a50fc74f,central.cdn.ip,/central.cdn.ip:8087/cat/3/a/0/live/smil:102.smil/102/102high/chunklist_1079932.ts,.ts,chunk,1079932,0,,,,central.cdn.ip:8087,,,,0,base64,168,0,430,385,,82,82,221,760.1809954751131,0,0,0,1
2026-03-06T10:57:36.155+00:00,http://central.cdn.ip:8087/central.cdn.ip:8087/cat/3/a/0/live/smil:102.smil/102/102high/chunklist.m3u8?bcod=8bf7437b-457a-3a66-94ea-3ec5a50fc74f,central.cdn.ip,/central.cdn.ip:8087/cat/3/a/0/live/smil:102.smil/102/102high/chunklist.m3u8,.m3u8,manifest,,0,,,,central.cdn.ip:8087,,,,,,,0,0,0,,,,,,0,0,0,1
2026-03-06T10:57:36.161+00:00,http://central.cdn.ip:8087/central.cdn.ip:8087/cat/3/a/0/live/smil:102.smil/102/102high/chunklist.m3u8?bcod=8bf7437b-457a-3a66-94ea-3ec5a50fc74f,central.cdn.ip,/central.cdn.ip:8087/cat/3/a/0/live/smil:102.smil/102/102high/chunklist.m3u8,.m3u8,manifest,,200,OK,central.cdn.ip,8087,central.cdn.ip:8087,application/x-mpegURL,2610,application/x-mpegurl,2610,,2766,156,424,163,,81,82,0,,1,0,0,1
2026-03-06T10:57:36.164+00:00,http://central.cdn.ip:8087/central.cdn.ip:8087/cat/3/a/0/live/smil:102.smil/102/102high/chunklist_1079932.ts?bcod=8bf7437b-457a-3a66-94ea-3ec5a50fc74f,central.cdn.ip,/central.cdn.ip:8087/cat/3/a/0/live/smil:102.smil/102/102high/chunklist_1079932.ts,.ts,chunk,1079932,200,OK,central.cdn.ip,8087,central.cdn.ip:8087,video/MP2T,1232340,video/mp2t,1232340,base64,1232508,168,430,676,,81,83,512,2407242.1875,1,0,0,1
2026-03-06T10:57:41.364+00:00,http://central.cdn.ip:8087/central.cdn.ip:8087/cat/3/a/0/live/smil:102.smil/102/102high/chunklist.m3u8?bcod=8bf7437b-457a-3a66-94ea-3ec5a50fc74f,central.cdn.ip,/central.cdn.ip:8087/cat/3/a/0/live/smil:102.smil/102/102high/chunklist.m3u8,.m3u8,manifest,,200,OK,central.cdn.ip,8087,central.cdn.ip:8087,application/x-mpegURL,2610,application/x-mpegurl,2610,,2766,156,424,164,,81,83,0,,1,0,0,1
2026-03-06T10:57:42.187+00:00,http://central.cdn.ip:8087/central.cdn.ip:8087/cat/3/a/0/live/smil:102.smil/102/102high/chunklist_1079933.ts?bcod=8bf7437b-457a-3a66-94ea-3ec5a50fc74f,central.cdn.ip,/central.cdn.ip:8087/cat/3/a/0/live/smil:102.smil/102/102high/chunklist_1079933.ts,.ts,chunk,1079933,200,OK,central.cdn.ip,8087,central.cdn.ip:8087,video/MP2T,1117848,video/mp2t,1117848,base64,1118016,168,430,1934,,0,82,1852,603680.3455723542,1,0,0,1
2026-03-06T10:57:46.797+00:00,http://central.cdn.ip:8087/central.cdn.ip:8087/cat/3/a/0/live/smil:102.smil/102/102high/chunklist.m3u8?bcod=8bf7437b-457a-3a66-94ea-3ec5a50fc74f,central.cdn.ip,/central.cdn.ip:8087/cat/3/a/0/live/smil:102.smil/102/102high/chunklist.m3u8,.m3u8,manifest,,200,OK,central.cdn.ip,8087,central.cdn.ip:8087,application/x-mpegURL,2610,application/x-mpegurl,2610,,2766,156,424,163,,81,82,0,,1,0,0,1
2026-03-06T10:57:50.333+00:00,http://central.cdn.ip:8087/central.cdn.ip:8087/cat/3/a/0/live/smil:102.smil/102/102high/chunklist.m3u8?bcod=8bf7437b-457a-3a66-94ea-3ec5a50fc74f,central.cdn.ip,/central.cdn.ip:8087/cat/3/a/0/live/smil:102.smil/102/102high/chunklist.m3u8,.m3u8,manifest,,200,OK,central.cdn.ip,8087,central.cdn.ip:8087,application/x-mpegURL,2610,application/x-mpegurl,2610,,2766,156,424,82,,0,82,0,,1,0,0,1
2026-03-06T10:57:54.400+00:00,http://central.cdn.ip:8087/central.cdn.ip:8087/cat/3/a/0/live/smil:102.smil/102/102high/chunklist.m3u8?bcod=8bf7437b-457a-3a66-94ea-3ec5a50fc74f,central.cdn.ip,/central.cdn.ip:8087/cat/3/a/0/live/smil:102.smil/102/102high/chunklist.m3u8,.m3u8,manifest,,200,OK,central.cdn.ip,8087,central.cdn.ip:8087,application/x-mpegURL,2610,application/x-mpegurl,2610,,2766,156,424,83,,0,83,0,,1,0,0,1
2026-03-06T10:58:00.013+00:00,http://central.cdn.ip:8087/central.cdn.ip:8087/cat/3/a/0/live/smil:102.smil/102/102high/chunklist.m3u8?bcod=8bf7437b-457a-3a66-94ea-3ec5a50fc74f,central.cdn.ip,/central.cdn.ip:8087/cat/3/a/0/live/smil:102.smil/102/102high/chunklist.m3u8,.m3u8,manifest,,200,OK,central.cdn.ip,8087,central.cdn.ip:8087,application/x-mpegURL,2610,application/x-mpegurl,2610,,2766,156,424,247,81,81,83,0,,1,0,0,1
2026-03-06T10:58:03.542+00:00,http://central.cdn.ip/getStreamer/live/115?bcod=8bf7437b-457a-3a66-94ea-3ec5a50fc74f,central.cdn.ip,/getStreamer/live/115,,other,,200,OK,central.cdn.ip,80,central.cdn.ip,text/plain,69,text/plain,52,,447,378,423,252,78,81,93,0,,1,0,0,0
2026-03-06T10:58:06.396+00:00,http://central2.cdn.ip:30082/central.cdn.ip:8087/cat/3/a/0/live/smil:115.smil/playlist.m3u8?DVR=true&bcod=8bf7437b-457a-3a66-94ea-3ec5a50fc74f,central2.cdn.ip,/central.cdn.ip:8087/cat/3/a/0/live/smil:115.smil/playlist.m3u8,.m3u8,manifest,,400,Bad Request,central2.cdn.ip,30082,central2.cdn.ip:30082,text/plain; charset=UTF-8,,text/plain; charset=UTF-8,26,,146,120,436,10496,33,81,91,10291,14.187153823729473,0,0,1,1
2026-03-06T10:58:43.538+00:00,http://central.cdn.ip/getStreamer/live/120?bcod=8bf7437b-457a-3a66-94ea-3ec5a50fc74f,central.cdn.ip,/getStreamer/live/120,,other,,200,OK,central.cdn.ip,80,central.cdn.ip,text/plain,69,text/plain,49,,447,378,423,259,79,81,94,0,,1,0,0,0
2026-03-06T10:58:43.798+00:00,http://central.cdn.local.ip:30080/central.cdn.ip:8087/cat/3/a/0/live/smil:120.smil/playlist.m3u8?DVR=true&bcod=8bf7437b-457a-3a66-94ea-3ec5a50fc74f,central.cdn.local.ip,/central.cdn.ip:8087/cat/3/a/0/live/smil:120.smil/playlist.m3u8,.m3u8,manifest,,0,,,,central.cdn.local.ip:30080,,,,0,base64,0,0,433,0,,0,0,0,,0,0,0,1
2026-03-06T10:59:17.671+00:00,http://central.cdn.ip/getStreamer/live/102?bcod=8bf7437b-457a-3a66-94ea-3ec5a50fc74f,central.cdn.ip,/getStreamer/live/102,,other,,200,OK,central.cdn.ip,80,central.cdn.ip,text/plain,67,text/plain,45,,445,378,423,260,80,81,95,0,,1,0,0,0
2026-03-06T10:59:17.868+00:00,http://edge.cdn.local.ip:30080/central.cdn.ip:8087/cat/3/a/0/live/smil:102.smil/playlist.m3u8?DVR=true&bcod=8bf7437b-457a-3a66-94ea-3ec5a50fc74f,edge.cdn.local.ip,/central.cdn.ip:8087/cat/3/a/0/live/smil:102.smil/playlist.m3u8,.m3u8,manifest,,200,OK,edge.cdn.local.ip,30080,edge.cdn.local.ip:30080,application/x-mpegURL,143,application/x-mpegurl,143,,301,158,429,177,,0,177,0,,1,0,0,1
2026-03-06T10:59:19.293+00:00,http://edge.cdn.local.ip:30080/central.cdn.ip:8087/cat/3/a/0/live/smil:102.smil/102/102high/chunklist.m3u8?bcod=8bf7437b-457a-3a66-94ea-3ec5a50fc74f,edge.cdn.local.ip,/central.cdn.ip:8087/cat/3/a/0/live/smil:102.smil/102/102high/chunklist.m3u8,.m3u8,manifest,,200,OK,edge.cdn.local.ip,30080,edge.cdn.local.ip:30080,application/x-mpegURL,2610,application/x-mpegurl,2610,,2769,159,418,87,,0,87,0,,1,0,0,1
2026-03-06T10:59:19.397+00:00,http://edge.cdn.local.ip:30080/central.cdn.ip:8087/cat/3/a/0/live/smil:102.smil/102/102high/chunklist_1079960.ts?bcod=8bf7437b-457a-3a66-94ea-3ec5a50fc74f,edge.cdn.local.ip,/central.cdn.ip:8087/cat/3/a/0/live/smil:102.smil/102/102high/chunklist_1079960.ts,.ts,chunk,1079960,200,OK,edge.cdn.local.ip,30080,edge.cdn.local.ip:30080,video/MP2T,1171804,video/mp2t,1171804,base64,1171955,151,424,803,,0,619,184,6369320.652173913,1,0,0,1
2026-03-06T10:59:21.186+00:00,http://edge.cdn.local.ip:30080/central.cdn.ip:8087/cat/3/a/0/live/smil:102.smil/102/102high/chunklist_1079961.ts?bcod=8bf7437b-457a-3a66-94ea-3ec5a50fc74f,edge.cdn.local.ip,/central.cdn.ip:8087/cat/3/a/0/live/smil:102.smil/102/102high/chunklist_1079961.ts,.ts,chunk,1079961,200,OK,edge.cdn.local.ip,30080,edge.cdn.local.ip:30080,video/MP2T,1162780,video/mp2t,1162780,base64,1162931,151,424,892,,0,684,208,5591014.423076923,1,0,0,1
2026-03-06T10:59:22.723+00:00,http://edge.cdn.local.ip:30080/central.cdn.ip:8087/cat/3/a/0/live/smil:102.smil/102/102high/chunklist_1079962.ts?bcod=8bf7437b-457a-3a66-94ea-3ec5a50fc74f,edge.cdn.local.ip,/central.cdn.ip:8087/cat/3/a/0/live/smil:102.smil/102/102high/chunklist_1079962.ts,.ts,chunk,1079962,200,OK,edge.cdn.local.ip,30080,edge.cdn.local.ip:30080,video/MP2T,1164472,video/mp2t,1164472,base64,1164623,151,424,863,,0,684,179,6506273.74301676,1,0,0,1
2026-03-06T10:59:25.640+00:00,http://edge.cdn.local.ip:30080/central.cdn.ip:8087/cat/3/a/0/live/smil:102.smil/102/102high/chunklist.m3u8?bcod=8bf7437b-457a-3a66-94ea-3ec5a50fc74f,edge.cdn.local.ip,/central.cdn.ip:8087/cat/3/a/0/live/smil:102.smil/102/102high/chunklist.m3u8,.m3u8,manifest,,200,OK,edge.cdn.local.ip,30080,edge.cdn.local.ip:30080,application/x-mpegURL,2610,application/x-mpegurl,2610,,2769,159,418,172,,0,172,0,,1,0,0,1
2026-03-06T10:59:26.861+00:00,http://edge.cdn.local.ip:30080/central.cdn.ip:8087/cat/3/a/0/live/smil:102.smil/102/102high/chunklist_1079963.ts?bcod=8bf7437b-457a-3a66-94ea-3ec5a50fc74f,edge.cdn.local.ip,/central.cdn.ip:8087/cat/3/a/0/live/smil:102.smil/102/102high/chunklist_1079963.ts,.ts,chunk,1079963,200,OK,edge.cdn.local.ip,30080,edge.cdn.local.ip:30080,video/MP2T,1165976,video/mp2t,1165976,base64,1166127,151,424,928,,0,601,327,3566137.614678899,1,0,0,1
2026-03-06T10:59:31.291+00:00,http://edge.cdn.local.ip:30080/central.cdn.ip:8087/cat/3/a/0/live/smil:102.smil/102/102high/chunklist.m3u8?bcod=8bf7437b-457a-3a66-94ea-3ec5a50fc74f,edge.cdn.local.ip,/central.cdn.ip:8087/cat/3/a/0/live/smil:102.smil/102/102high/chunklist.m3u8,.m3u8,manifest,,200,OK,edge.cdn.local.ip,30080,edge.cdn.local.ip:30080,application/x-mpegURL,2610,application/x-mpegurl,2610,,2769,159,418,170,,0,170,0,,1,0,0,1
2026-03-06T10:59:32.358+00:00,http://edge.cdn.local.ip:30080/central.cdn.ip:8087/cat/3/a/0/live/smil:102.smil/102/102high/chunklist_1079964.ts?bcod=8bf7437b-457a-3a66-94ea-3ec5a50fc74f,edge.cdn.local.ip,/central.cdn.ip:8087/cat/3/a/0/live/smil:102.smil/102/102high/chunklist_1079964.ts,.ts,chunk,1079964,200,OK,edge.cdn.local.ip,30080,edge.cdn.local.ip:30080,video/MP2T,1220872,video/mp2t,1220872,base64,1221023,151,424,1152,,0,604,548,2228144.1605839413,1,0,0,1
2026-03-06T10:59:37.310+00:00,http://edge.cdn.local.ip:30080/central.cdn.ip:8087/cat/3/a/0/live/smil:102.smil/102/102high/chunklist.m3u8?bcod=8bf7437b-457a-3a66-94ea-3ec5a50fc74f,edge.cdn.local.ip,/central.cdn.ip:8087/cat/3/a/0/live/smil:102.smil/102/102high/chunklist.m3u8,.m3u8,manifest,,200,OK,edge.cdn.local.ip,30080,edge.cdn.local.ip:30080,application/x-mpegURL,2610,application/x-mpegurl,2610,,2769,159,418,169,0,0,169,0,,1,0,0,1
2026-03-06T10:59:38.916+00:00,http://edge.cdn.local.ip:30080/central.cdn.ip:8087/cat/3/a/0/live/smil:102.smil/102/102high/chunklist_1079965.ts?bcod=8bf7437b-457a-3a66-94ea-3ec5a50fc74f,edge.cdn.local.ip,/central.cdn.ip:8087/cat/3/a/0/live/smil:102.smil/102/102high/chunklist_1079965.ts,.ts,chunk,1079965,200,OK,edge.cdn.local.ip,30080,edge.cdn.local.ip:30080,video/MP2T,1093972,video/mp2t,1093972,base64,1094123,151,424,719,,0,594,125,8752984.0,1,0,0,1
2026-03-06T10:59:43.510+00:00,http://edge.cdn.local.ip:30080/central.cdn.ip:8087/cat/3/a/0/live/smil:102.smil/102/102high/chunklist.m3u8?bcod=8bf7437b-457a-3a66-94ea-3ec5a50fc74f,edge.cdn.local.ip,/central.cdn.ip:8087/cat/3/a/0/live/smil:102.smil/102/102high/chunklist.m3u8,.m3u8,manifest,,200,OK,edge.cdn.local.ip,30080,edge.cdn.local.ip:30080,application/x-mpegURL,2610,application/x-mpegurl,2610,,2769,159,418,172,0,0,172,0,,1,0,0,1
2026-03-06T10:59:44.274+00:00,http://edge.cdn.local.ip:30080/central.cdn.ip:8087/cat/3/a/0/live/smil:102.smil/102/102high/chunklist_1079966.ts?bcod=8bf7437b-457a-3a66-94ea-3ec5a50fc74f,edge.cdn.local.ip,/central.cdn.ip:8087/cat/3/a/0/live/smil:102.smil/102/102high/chunklist_1079966.ts,.ts,chunk,1079966,200,OK,edge.cdn.local.ip,30080,edge.cdn.local.ip:30080,video/MP2T,1172932,video/mp2t,1172932,base64,1173083,151,424,6508,0,0,601,5907,198592.00948027763,1,0,0,1
2026-03-06T10:59:54.376+00:00,http://edge.cdn.local.ip:30080/central.cdn.ip:8087/cat/3/a/0/live/smil:102.smil/102/102high/chunklist.m3u8?bcod=8bf7437b-457a-3a66-94ea-3ec5a50fc74f,edge.cdn.local.ip,/central.cdn.ip:8087/cat/3/a/0/live/smil:102.smil/102/102high/chunklist.m3u8,.m3u8,manifest,,200,OK,edge.cdn.local.ip,30080,edge.cdn.local.ip:30080,application/x-mpegURL,2610,application/x-mpegurl,2610,,2769,159,418,170,,0,170,0,,1,0,0,1
2026-03-06T10:59:57.453+00:00,http://edge.cdn.local.ip:30080/central.cdn.ip:8087/cat/3/a/0/live/smil:102.smil/102/102high/chunklist_1079967.ts?bcod=8bf7437b-457a-3a66-94ea-3ec5a50fc74f,edge.cdn.local.ip,/central.cdn.ip:8087/cat/3/a/0/live/smil:102.smil/102/102high/chunklist_1079967.ts,.ts,chunk,1079967,200,OK,edge.cdn.local.ip,30080,edge.cdn.local.ip:30080,video/MP2T,1191920,video/mp2t,1191920,base64,1192071,151,424,2309,,0,609,1700,701218.2352941177,1,0,0,1
2026-03-06T10:59:57.460+00:00,http://edge.cdn.local.ip:30080/central.cdn.ip:8087/cat/3/a/0/live/smil:102.smil/102/102high/chunklist.m3u8?bcod=8bf7437b-457a-3a66-94ea-3ec5a50fc74f,edge.cdn.local.ip,/central.cdn.ip:8087/cat/3/a/0/live/smil:102.smil/102/102high/chunklist.m3u8,.m3u8,manifest,,200,OK,edge.cdn.local.ip,30080,edge.cdn.local.ip:30080,application/x-mpegURL,2610,application/x-mpegurl,2610,,2769,159,418,175,,0,175,0,,1,0,0,1
2026-03-06T11:00:05.103+00:00,http://edge.cdn.local.ip:30080/central.cdn.ip:8087/cat/3/a/0/live/smil:102.smil/102/102high/chunklist.m3u8?bcod=8bf7437b-457a-3a66-94ea-3ec5a50fc74f,edge.cdn.local.ip,/central.cdn.ip:8087/cat/3/a/0/live/smil:102.smil/102/102high/chunklist.m3u8,.m3u8,manifest,,200,OK,edge.cdn.local.ip,30080,edge.cdn.local.ip:30080,application/x-mpegURL,2610,application/x-mpegurl,2610,,2769,159,418,170,,0,170,0,,1,0,0,1
2026-03-06T11:00:10.614+00:00,http://edge.cdn.local.ip:30080/central.cdn.ip:8087/cat/3/a/0/live/smil:102.smil/102/102high/chunklist_1079968.ts?bcod=8bf7437b-457a-3a66-94ea-3ec5a50fc74f,edge.cdn.local.ip,/central.cdn.ip:8087/cat/3/a/0/live/smil:102.smil/102/102high/chunklist_1079968.ts,.ts,chunk,1079968,200,OK,edge.cdn.local.ip,30080,edge.cdn.local.ip:30080,video/MP2T,1161464,video/mp2t,1161464,base64,1161615,151,424,2783,,0,682,2101,552886.7206092337,1,0,0,1
2026-03-06T11:00:13.558+00:00,http://edge.cdn.local.ip:30080/central.cdn.ip:8087/cat/3/a/0/live/smil:102.smil/102/102high/chunklist.m3u8?bcod=8bf7437b-457a-3a66-94ea-3ec5a50fc74f,edge.cdn.local.ip,/central.cdn.ip:8087/cat/3/a/0/live/smil:102.smil/102/102high/chunklist.m3u8,.m3u8,manifest,,200,OK,edge.cdn.local.ip,30080,edge.cdn.local.ip:30080,application/x-mpegURL,2610,application/x-mpegurl,2610,,2769,159,418,169,,0,169,0,,1,0,0,1
2026-03-06T11:00:14.572+00:00,http://edge.cdn.local.ip:30080/central.cdn.ip:8087/cat/3/a/0/live/smil:102.smil/102/102high/chunklist_1079969.ts?bcod=8bf7437b-457a-3a66-94ea-3ec5a50fc74f,edge.cdn.local.ip,/central.cdn.ip:8087/cat/3/a/0/live/smil:102.smil/102/102high/chunklist_1079969.ts,.ts,chunk,1079969,200,OK,edge.cdn.local.ip,30080,edge.cdn.local.ip:30080,video/MP2T,1157704,video/mp2t,1157704,base64,1157855,151,424,1619,1,0,597,1021,1134040.1567091087,1,0,0,1
2026-03-06T11:00:16.557+00:00,http://edge.cdn.local.ip:30080/central.cdn.ip:8087/cat/3/a/0/live/smil:102.smil/102/102high/chunklist.m3u8?bcod=8bf7437b-457a-3a66-94ea-3ec5a50fc74f,edge.cdn.local.ip,/central.cdn.ip:8087/cat/3/a/0/live/smil:102.smil/102/102high/chunklist.m3u8,.m3u8,manifest,,200,OK,edge.cdn.local.ip,30080,edge.cdn.local.ip:30080,application/x-mpegURL,2610,application/x-mpegurl,2610,,2769,159,418,170,,0,170,0,,1,0,0,1
2026-03-06T11:00:24.073+00:00,http://edge.cdn.local.ip:30080/central.cdn.ip:8087/cat/3/a/0/live/smil:102.smil/102/102high/chunklist_1079970.ts?bcod=8bf7437b-457a-3a66-94ea-3ec5a50fc74f,edge.cdn.local.ip,/central.cdn.ip:8087/cat/3/a/0/live/smil:102.smil/102/102high/chunklist_1079970.ts,.ts,chunk,1079970,200,OK,edge.cdn.local.ip,30080,edge.cdn.local.ip:30080,video/MP2T,1175940,video/mp2t,1175940,base64,1176091,151,424,2575,,0,904,1671,703824.6558946738,1,0,0,1
2026-03-06T11:00:24.082+00:00,http://edge.cdn.local.ip:30080/central.cdn.ip:8087/cat/3/a/0/live/smil:102.smil/102/102high/chunklist.m3u8?bcod=8bf7437b-457a-3a66-94ea-3ec5a50fc74f,edge.cdn.local.ip,/central.cdn.ip:8087/cat/3/a/0/live/smil:102.smil/102/102high/chunklist.m3u8,.m3u8,manifest,,200,OK,edge.cdn.local.ip,30080,edge.cdn.local.ip:30080,application/x-mpegURL,2610,application/x-mpegurl,2610,,2769,159,418,172,,0,172,0,,1,0,0,1
2026-03-06T11:00:29.306+00:00,http://edge.cdn.local.ip:30080/central.cdn.ip:8087/cat/3/a/0/live/smil:102.smil/102/102high/chunklist.m3u8?bcod=8bf7437b-457a-3a66-94ea-3ec5a50fc74f,edge.cdn.local.ip,/central.cdn.ip:8087/cat/3/a/0/live/smil:102.smil/102/102high/chunklist.m3u8,.m3u8,manifest,,200,OK,edge.cdn.local.ip,30080,edge.cdn.local.ip:30080,application/x-mpegURL,2610,application/x-mpegurl,2610,,2769,159,418,168,,0,168,0,,1,0,0,1
2026-03-06T11:00:29.374+00:00,http://edge.cdn.local.ip:30080/central.cdn.ip:8087/cat/3/a/0/live/smil:102.smil/102/102high/chunklist_1079971.ts?bcod=8bf7437b-457a-3a66-94ea-3ec5a50fc74f,edge.cdn.local.ip,/central.cdn.ip:8087/cat/3/a/0/live/smil:102.smil/102/102high/chunklist_1079971.ts,.ts,chunk,1079971,200,OK,edge.cdn.local.ip,30080,edge.cdn.local.ip:30080,video/MP2T,1163156,video/mp2t,1163156,base64,1163307,151,424,2874,,0,681,2193,530463.7482900136,1,0,0,1
2026-03-06T11:00:41.369+00:00,http://edge.cdn.local.ip:30080/central.cdn.ip:8087/cat/3/a/0/live/smil:102.smil/102/102high/chunklist.m3u8?bcod=8bf7437b-457a-3a66-94ea-3ec5a50fc74f,edge.cdn.local.ip,/central.cdn.ip:8087/cat/3/a/0/live/smil:102.smil/102/102high/chunklist.m3u8,.m3u8,manifest,,200,OK,edge.cdn.local.ip,30080,edge.cdn.local.ip:30080,application/x-mpegURL,2610,application/x-mpegurl,2610,,2769,159,418,180,,0,180,0,,1,0,0,1
2026-03-06T11:00:41.836+00:00,http://edge.cdn.local.ip:30080/central.cdn.ip:8087/cat/3/a/0/live/smil:102.smil/102/102high/chunklist_1079972.ts?bcod=8bf7437b-457a-3a66-94ea-3ec5a50fc74f,edge.cdn.local.ip,/central.cdn.ip:8087/cat/3/a/0/live/smil:102.smil/102/102high/chunklist_1079972.ts,.ts,chunk,1079972,200,OK,edge.cdn.local.ip,30080,edge.cdn.local.ip:30080,video/MP2T,1167856,video/mp2t,1167856,base64,1168007,151,424,6522,,0,599,5923,197198.54803309133,1,0,0,1
2026-03-06T11:00:48.387+00:00,http://edge.cdn.local.ip:30080/central.cdn.ip:8087/cat/3/a/0/live/smil:102.smil/102/102high/chunklist.m3u8?bcod=8bf7437b-457a-3a66-94ea-3ec5a50fc74f,edge.cdn.local.ip,/central.cdn.ip:8087/cat/3/a/0/live/smil:102.smil/102/102high/chunklist.m3u8,.m3u8,manifest,,200,OK,edge.cdn.local.ip,30080,edge.cdn.local.ip:30080,application/x-mpegURL,2610,application/x-mpegurl,2610,,2769,159,418,169,,0,169,0,,1,0,0,1
2026-03-06T11:00:50.653+00:00,http://edge.cdn.local.ip:30080/central.cdn.ip:8087/cat/3/a/0/live/smil:102.smil/102/102high/chunklist_1079973.ts?bcod=8bf7437b-457a-3a66-94ea-3ec5a50fc74f,edge.cdn.local.ip,/central.cdn.ip:8087/cat/3/a/0/live/smil:102.smil/102/102high/chunklist_1079973.ts,.ts,chunk,1079973,200,OK,edge.cdn.local.ip,30080,edge.cdn.local.ip:30080,video/MP2T,1160900,video/mp2t,1160900,base64,1161051,151,424,902,,0,600,302,3844539.735099338,1,0,0,1
2026-03-06T11:00:51.669+00:00,http://edge.cdn.local.ip:30080/central.cdn.ip:8087/cat/3/a/0/live/smil:102.smil/102/102high/chunklist.m3u8?bcod=8bf7437b-457a-3a66-94ea-3ec5a50fc74f,edge.cdn.local.ip,/central.cdn.ip:8087/cat/3/a/0/live/smil:102.smil/102/102high/chunklist.m3u8,.m3u8,manifest,,200,OK,edge.cdn.local.ip,30080,edge.cdn.local.ip:30080,application/x-mpegURL,2610,application/x-mpegurl,2610,,2769,159,418,171,0,0,171,0,,1,0,0,1
2026-03-06T11:00:51.671+00:00,http://edge.cdn.local.ip:30080/central.cdn.ip:8087/cat/3/a/0/live/smil:102.smil/102/102high/chunklist_1079974.ts?bcod=8bf7437b-457a-3a66-94ea-3ec5a50fc74f,edge.cdn.local.ip,/central.cdn.ip:8087/cat/3/a/0/live/smil:102.smil/102/102high/chunklist_1079974.ts,.ts,chunk,1079974,200,OK,edge.cdn.local.ip,30080,edge.cdn.local.ip:30080,video/MP2T,1161652,video/mp2t,1161652,base64,1161803,151,424,719,0,0,699,20,58090150.0,1,0,0,1
2026-03-06T11:00:53.267+00:00,http://edge.cdn.local.ip:30080/central.cdn.ip:8087/cat/3/a/0/live/smil:102.smil/102/102high/chunklist_1079975.ts?bcod=8bf7437b-457a-3a66-94ea-3ec5a50fc74f,edge.cdn.local.ip,/central.cdn.ip:8087/cat/3/a/0/live/smil:102.smil/102/102high/chunklist_1079975.ts,.ts,chunk,1079975,200,OK,edge.cdn.local.ip,30080,edge.cdn.local.ip:30080,video/MP2T,1168796,video/mp2t,1168796,base64,1168947,151,424,898,0,0,598,300,3896490.0,1,0,0,1
2026-03-06T11:00:54.903+00:00,http://edge.cdn.local.ip:30080/central.cdn.ip:8087/cat/3/a/0/live/smil:102.smil/102/102high/chunklist_1079976.ts?bcod=8bf7437b-457a-3a66-94ea-3ec5a50fc74f,edge.cdn.local.ip,/central.cdn.ip:8087/cat/3/a/0/live/smil:102.smil/102/102high/chunklist_1079976.ts,.ts,chunk,1079976,200,OK,edge.cdn.local.ip,30080,edge.cdn.local.ip:30080,video/MP2T,1152628,video/mp2t,1152628,base64,1152779,151,424,1072,,0,682,390,2955843.5897435895,1,0,0,1
2026-03-06T11:00:56.905+00:00,http://edge.cdn.local.ip:30080/central.cdn.ip:8087/cat/3/a/0/live/smil:102.smil/102/102high/chunklist_1079977.ts?bcod=8bf7437b-457a-3a66-94ea-3ec5a50fc74f,edge.cdn.local.ip,/central.cdn.ip:8087/cat/3/a/0/live/smil:102.smil/102/102high/chunklist_1079977.ts,.ts,chunk,1079977,200,OK,edge.cdn.local.ip,30080,edge.cdn.local.ip:30080,video/MP2T,1199440,video/mp2t,1199440,base64,1199591,151,424,1085,2,0,690,393,3052394.4020356233,1,0,0,1
2026-03-06T11:01:03.992+00:00,http://edge.cdn.local.ip:30080/central.cdn.ip:8087/cat/3/a/0/live/smil:102.smil/102/102high/chunklist.m3u8?bcod=8bf7437b-457a-3a66-94ea-3ec5a50fc74f,edge.cdn.local.ip,/central.cdn.ip:8087/cat/3/a/0/live/smil:102.smil/102/102high/chunklist.m3u8,.m3u8,manifest,,200,OK,edge.cdn.local.ip,30080,edge.cdn.local.ip:30080,application/x-mpegURL,2610,application/x-mpegurl,2610,,2769,159,418,170,,0,170,0,,1,0,0,1
2026-03-06T11:01:04.234+00:00,http://central.cdn.ip/getStreamer/live/115?bcod=8bf7437b-457a-3a66-94ea-3ec5a50fc74f,central.cdn.ip,/getStreamer/live/115,,other,,200,OK,central.cdn.ip,80,central.cdn.ip,text/plain,58,text/plain,51,,436,378,423,202,20,81,101,0,,1,0,0,0
2026-03-06T11:01:06.822+00:00,http://central.cdn.ip:8087/central.cdn.ip:8087/cat/3/a/0/live/smil:115.smil/playlist.m3u8?DVR=true&bcod=8bf7437b-457a-3a66-94ea-3ec5a50fc74f,central.cdn.ip,/central.cdn.ip:8087/cat/3/a/0/live/smil:115.smil/playlist.m3u8,.m3u8,manifest,,400,Bad Request,central.cdn.ip,8087,central.cdn.ip:8087,text/plain; charset=UTF-8,,text/plain; charset=UTF-8,26,,146,120,435,217,52,81,83,1,146000.0,0,0,1,1
2026-03-06T11:01:33.471+00:00,http://central.cdn.ip/getStreamer/live/120?bcod=8bf7437b-457a-3a66-94ea-3ec5a50fc74f,central.cdn.ip,/getStreamer/live/120,,other,,200,OK,central.cdn.ip,80,central.cdn.ip,text/plain,69,text/plain,52,,447,378,423,256,80,81,92,0,,1,0,0,0
2026-03-06T11:01:33.773+00:00,http://central2.cdn.ip:30082/central.cdn.ip:8087/cat/3/a/0/live/smil:120.smil/playlist.m3u8?DVR=true&bcod=8bf7437b-457a-3a66-94ea-3ec5a50fc74f,central2.cdn.ip,/central.cdn.ip:8087/cat/3/a/0/live/smil:120.smil/playlist.m3u8,.m3u8,manifest,,400,Bad Request,central2.cdn.ip,30082,central2.cdn.ip:30082,text/plain; charset=UTF-8,,text/plain; charset=UTF-8,26,,146,120,436,11623,57,81,96,11389,12.81938712793046,0,0,1,1
2026-03-06T11:02:19.697+00:00,http://central.cdn.ip/getStreamer/live/115?bcod=8bf7437b-457a-3a66-94ea-3ec5a50fc74f,central.cdn.ip,/getStreamer/live/115,,other,,200,OK,central.cdn.ip,80,central.cdn.ip,text/plain,69,text/plain,49,,447,378,423,255,79,81,95,0,,1,0,0,0
2026-03-06T11:02:20.194+00:00,http://central.cdn.local.ip:30080/central.cdn.ip:8087/cat/3/a/0/live/smil:115.smil/playlist.m3u8?DVR=true&bcod=8bf7437b-457a-3a66-94ea-3ec5a50fc74f,central.cdn.local.ip,/central.cdn.ip:8087/cat/3/a/0/live/smil:115.smil/playlist.m3u8,.m3u8,manifest,,0,,,,central.cdn.local.ip:30080,,,,0,base64,0,0,433,0,,0,0,0,,0,0,0,1
2026-03-06T11:02:33.329+00:00,http://central.cdn.ip/getStreamer/live/102?bcod=8bf7437b-457a-3a66-94ea-3ec5a50fc74f,central.cdn.ip,/getStreamer/live/102,,other,,200,OK,central.cdn.ip,80,central.cdn.ip,text/plain,67,text/plain,45,,445,378,423,253,80,81,92,0,,1,0,0,0
2026-03-06T11:02:35.063+00:00,http://edge.cdn.local.ip:30080/central.cdn.ip:8087/cat/3/a/0/live/smil:102.smil/playlist.m3u8?DVR=true&bcod=8bf7437b-457a-3a66-94ea-3ec5a50fc74f,edge.cdn.local.ip,/central.cdn.ip:8087/cat/3/a/0/live/smil:102.smil/playlist.m3u8,.m3u8,manifest,,200,OK,edge.cdn.local.ip,30080,edge.cdn.local.ip:30080,application/x-mpegURL,143,application/x-mpegurl,143,,301,158,429,175,,1,174,0,,1,0,0,1
2026-03-06T11:02:35.631+00:00,http://edge.cdn.local.ip:30080/central.cdn.ip:8087/cat/3/a/0/live/smil:102.smil/102/102high/chunklist.m3u8?bcod=8bf7437b-457a-3a66-94ea-3ec5a50fc74f,edge.cdn.local.ip,/central.cdn.ip:8087/cat/3/a/0/live/smil:102.smil/102/102high/chunklist.m3u8,.m3u8,manifest,,200,OK,edge.cdn.local.ip,30080,edge.cdn.local.ip:30080,application/x-mpegURL,2610,application/x-mpegurl,2610,,2769,159,418,88,,0,88,0,,1,0,0,1
2026-03-06T11:02:35.735+00:00,http://edge.cdn.local.ip:30080/central.cdn.ip:8087/cat/3/a/0/live/smil:102.smil/102/102high/chunklist_1079993.ts?bcod=8bf7437b-457a-3a66-94ea-3ec5a50fc74f,edge.cdn.local.ip,/central.cdn.ip:8087/cat/3/a/0/live/smil:102.smil/102/102high/chunklist_1079993.ts,.ts,chunk,1079993,200,OK,edge.cdn.local.ip,30080,edge.cdn.local.ip:30080,video/MP2T,1154508,video/mp2t,1154508,base64,1154659,151,424,602,0,0,598,4,288664750.0,1,0,0,1
2026-03-06T11:02:37.039+00:00,http://edge.cdn.local.ip:30080/central.cdn.ip:8087/cat/3/a/0/live/smil:102.smil/102/102high/chunklist_1079994.ts?bcod=8bf7437b-457a-3a66-94ea-3ec5a50fc74f,edge.cdn.local.ip,/central.cdn.ip:8087/cat/3/a/0/live/smil:102.smil/102/102high/chunklist_1079994.ts,.ts,chunk,1079994,200,OK,edge.cdn.local.ip,30080,edge.cdn.local.ip:30080,video/MP2T,1154320,video/mp2t,1154320,base64,1154471,151,424,1011,,0,681,330,3498396.9696969697,1,0,0,1
2026-03-06T11:02:38.902+00:00,http://edge.cdn.local.ip:30080/central.cdn.ip:8087/cat/3/a/0/live/smil:102.smil/102/102high/chunklist_1079995.ts?bcod=8bf7437b-457a-3a66-94ea-3ec5a50fc74f,edge.cdn.local.ip,/central.cdn.ip:8087/cat/3/a/0/live/smil:102.smil/102/102high/chunklist_1079995.ts,.ts,chunk,1079995,200,OK,edge.cdn.local.ip,30080,edge.cdn.local.ip:30080,video/MP2T,1170112,video/mp2t,1170112,base64,1170263,151,424,909,0,0,683,226,5178154.867256637,1,0,0,1
2026-03-06T11:02:41.817+00:00,http://edge.cdn.local.ip:30080/central.cdn.ip:8087/cat/3/a/0/live/smil:102.smil/102/102high/chunklist.m3u8?bcod=8bf7437b-457a-3a66-94ea-3ec5a50fc74f,edge.cdn.local.ip,/central.cdn.ip:8087/cat/3/a/0/live/smil:102.smil/102/102high/chunklist.m3u8,.m3u8,manifest,,200,OK,edge.cdn.local.ip,30080,edge.cdn.local.ip:30080,application/x-mpegURL,2610,application/x-mpegurl,2610,,2769,159,418,169,,0,169,0,,1,0,0,1
2026-03-06T11:02:42.289+00:00,http://edge.cdn.local.ip:30080/central.cdn.ip:8087/cat/3/a/0/live/smil:102.smil/102/102high/chunklist_1079996.ts?bcod=8bf7437b-457a-3a66-94ea-3ec5a50fc74f,edge.cdn.local.ip,/central.cdn.ip:8087/cat/3/a/0/live/smil:102.smil/102/102high/chunklist_1079996.ts,.ts,chunk,1079996,200,OK,edge.cdn.local.ip,30080,edge.cdn.local.ip:30080,video/MP2T,1156388,video/mp2t,1156388,base64,1156539,151,424,742,0,0,602,140,8260992.857142856,1,0,0,1
2026-03-06T11:02:47.313+00:00,http://edge.cdn.local.ip:30080/central.cdn.ip:8087/cat/3/a/0/live/smil:102.smil/102/102high/chunklist.m3u8?bcod=8bf7437b-457a-3a66-94ea-3ec5a50fc74f,edge.cdn.local.ip,/central.cdn.ip:8087/cat/3/a/0/live/smil:102.smil/102/102high/chunklist.m3u8,.m3u8,manifest,,200,OK,edge.cdn.local.ip,30080,edge.cdn.local.ip:30080,application/x-mpegURL,2610,application/x-mpegurl,2610,,2769,159,418,170,,0,170,0,,1,0,0,1
2026-03-06T11:02:47.559+00:00,http://edge.cdn.local.ip:30080/central.cdn.ip:8087/cat/3/a/0/live/smil:102.smil/102/102high/chunklist_1079997.ts?bcod=8bf7437b-457a-3a66-94ea-3ec5a50fc74f,edge.cdn.local.ip,/central.cdn.ip:8087/cat/3/a/0/live/smil:102.smil/102/102high/chunklist_1079997.ts,.ts,chunk,1079997,200,OK,edge.cdn.local.ip,30080,edge.cdn.local.ip:30080,video/MP2T,1158080,video/mp2t,1158080,base64,1158231,151,424,1110,,0,839,271,4273915.129151291,1,0,0,1
2026-03-06T11:02:53.318+00:00,http://edge.cdn.local.ip:30080/central.cdn.ip:8087/cat/3/a/0/live/smil:102.smil/102/102high/chunklist.m3u8?bcod=8bf7437b-457a-3a66-94ea-3ec5a50fc74f,edge.cdn.local.ip,/central.cdn.ip:8087/cat/3/a/0/live/smil:102.smil/102/102high/chunklist.m3u8,.m3u8,manifest,,200,OK,edge.cdn.local.ip,30080,edge.cdn.local.ip:30080,application/x-mpegURL,2610,application/x-mpegurl,2610,,2769,159,418,170,,0,170,0,,1,0,0,1
2026-03-06T11:02:53.554+00:00,http://edge.cdn.local.ip:30080/central.cdn.ip:8087/cat/3/a/0/live/smil:102.smil/102/102high/chunklist_1079998.ts?bcod=8bf7437b-457a-3a66-94ea-3ec5a50fc74f,edge.cdn.local.ip,/central.cdn.ip:8087/cat/3/a/0/live/smil:102.smil/102/102high/chunklist_1079998.ts,.ts,chunk,1079998,200,OK,edge.cdn.local.ip,30080,edge.cdn.local.ip:30080,video/MP2T,1193612,video/mp2t,1193612,base64,1193763,151,424,684,,0,603,81,14737814.814814813,1,0,0,1
2026-03-06T11:02:59.323+00:00,http://edge.cdn.local.ip:30080/central.cdn.ip:8087/cat/3/a/0/live/smil:102.smil/102/102high/chunklist.m3u8?bcod=8bf7437b-457a-3a66-94ea-3ec5a50fc74f,edge.cdn.local.ip,/central.cdn.ip:8087/cat/3/a/0/live/smil:102.smil/102/102high/chunklist.m3u8,.m3u8,manifest,,200,OK,edge.cdn.local.ip,30080,edge.cdn.local.ip:30080,application/x-mpegURL,2610,application/x-mpegurl,2610,,2769,159,418,172,,0,172,0,,1,0,0,1
2026-03-06T11:03:00.162+00:00,http://edge.cdn.local.ip:30080/central.cdn.ip:8087/cat/3/a/0/live/smil:102.smil/102/102high/chunklist_1079999.ts?bcod=8bf7437b-457a-3a66-94ea-3ec5a50fc74f,edge.cdn.local.ip,/central.cdn.ip:8087/cat/3/a/0/live/smil:102.smil/102/102high/chunklist_1079999.ts,.ts,chunk,1079999,200,OK,edge.cdn.local.ip,30080,edge.cdn.local.ip:30080,video/MP2T,1143228,video/mp2t,1143228,base64,1143379,151,424,775,,0,597,178,6423477.528089888,1,0,0,1
2026-03-06T11:03:07.591+00:00,http://edge.cdn.local.ip:30080/central.cdn.ip:8087/cat/3/a/0/live/smil:102.smil/102/102high/chunklist.m3u8?bcod=8bf7437b-457a-3a66-94ea-3ec5a50fc74f,edge.cdn.local.ip,/central.cdn.ip:8087/cat/3/a/0/live/smil:102.smil/102/102high/chunklist.m3u8,.m3u8,manifest,,200,OK,edge.cdn.local.ip,30080,edge.cdn.local.ip:30080,application/x-mpegURL,2610,application/x-mpegurl,2610,,2769,159,418,170,,0,170,0,,1,0,0,1
2026-03-06T11:03:08.900+00:00,http://edge.cdn.local.ip:30080/central.cdn.ip:8087/cat/3/a/0/live/smil:102.smil/102/102high/chunklist_1080000.ts?bcod=8bf7437b-457a-3a66-94ea-3ec5a50fc74f,edge.cdn.local.ip,/central.cdn.ip:8087/cat/3/a/0/live/smil:102.smil/102/102high/chunklist_1080000.ts,.ts,chunk,1080000,0,,,,edge.cdn.local.ip:30080,,,,0,base64,0,0,424,0,,0,0,0,,0,0,0,1
2026-03-06T11:03:11.703+00:00,http://edge.cdn.local.ip:30080/central.cdn.ip:8087/cat/3/a/0/live/smil:102.smil/102/102high/chunklist.m3u8?bcod=8bf7437b-457a-3a66-94ea-3ec5a50fc74f,edge.cdn.local.ip,/central.cdn.ip:8087/cat/3/a/0/live/smil:102.smil/102/102high/chunklist.m3u8,.m3u8,manifest,,200,OK,edge.cdn.local.ip,30080,edge.cdn.local.ip:30080,application/x-mpegURL,2610,application/x-mpegURL,2610,,,159,418,5287,,0,5287,0,,1,0,0,1
2026-03-06T11:03:35.105+00:00,http://edge.cdn.local.ip:30080/central.cdn.ip:8087/cat/3/a/0/live/smil:102.smil/102/102high/chunklist.m3u8?bcod=8bf7437b-457a-3a66-94ea-3ec5a50fc74f,edge.cdn.local.ip,/central.cdn.ip:8087/cat/3/a/0/live/smil:102.smil/102/102high/chunklist.m3u8,.m3u8,manifest,,200,OK,edge.cdn.local.ip,30080,edge.cdn.local.ip:30080,application/x-mpegURL,2610,application/x-mpegurl,2610,,2769,159,418,172,,0,172,0,,1,0,0,1
2026-03-06T11:03:35.115+00:00,http://edge.cdn.local.ip:30080/central.cdn.ip:8087/cat/3/a/0/live/smil:102.smil/102/102high/chunklist_1080000.ts?bcod=8bf7437b-457a-3a66-94ea-3ec5a50fc74f,edge.cdn.local.ip,/central.cdn.ip:8087/cat/3/a/0/live/smil:102.smil/102/102high/chunklist_1080000.ts,.ts,chunk,1080000,0,,,,edge.cdn.local.ip:30080,,,,0,base64,0,0,424,0,,0,0,0,,0,0,0,1
2026-03-06T11:03:37.215+00:00,http://edge.cdn.local.ip:30080/central.cdn.ip:8087/cat/3/a/0/live/smil:102.smil/102/102high/chunklist.m3u8?bcod=8bf7437b-457a-3a66-94ea-3ec5a50fc74f,edge.cdn.local.ip,/central.cdn.ip:8087/cat/3/a/0/live/smil:102.smil/102/102high/chunklist.m3u8,.m3u8,manifest,,200,OK,edge.cdn.local.ip,30080,edge.cdn.local.ip:30080,application/x-mpegURL,2610,application/x-mpegurl,2610,,2769,159,418,86,,0,86,0,,1,0,0,1
2026-03-06T11:03:45.210+00:00,http://edge.cdn.local.ip:30080/central.cdn.ip:8087/cat/3/a/0/live/smil:102.smil/102/102high/chunklist.m3u8?bcod=8bf7437b-457a-3a66-94ea-3ec5a50fc74f,edge.cdn.local.ip,/central.cdn.ip:8087/cat/3/a/0/live/smil:102.smil/102/102high/chunklist.m3u8,.m3u8,manifest,,200,OK,edge.cdn.local.ip,30080,edge.cdn.local.ip:30080,application/x-mpegURL,2610,application/x-mpegurl,2610,,2769,159,418,170,,0,170,0,,1,0,0,1
2026-03-06T11:03:48.315+00:00,http://edge.cdn.local.ip:30080/central.cdn.ip:8087/cat/3/a/0/live/smil:102.smil/102/102high/chunklist.m3u8?bcod=8bf7437b-457a-3a66-94ea-3ec5a50fc74f,edge.cdn.local.ip,/central.cdn.ip:8087/cat/3/a/0/live/smil:102.smil/102/102high/chunklist.m3u8,.m3u8,manifest,,200,OK,edge.cdn.local.ip,30080,edge.cdn.local.ip:30080,application/x-mpegURL,2610,application/x-mpegurl,2610,,2769,159,418,87,,0,87,0,,1,0,0,1
2026-03-06T11:03:51.936+00:00,http://edge.cdn.local.ip:30080/central.cdn.ip:8087/cat/3/a/0/live/smil:102.smil/102/102high/chunklist_1080000.ts?bcod=8bf7437b-457a-3a66-94ea-3ec5a50fc74f,edge.cdn.local.ip,/central.cdn.ip:8087/cat/3/a/0/live/smil:102.smil/102/102high/chunklist_1080000.ts,.ts,chunk,1080000,0,,,,edge.cdn.local.ip:30080,,,,0,base64,0,0,424,0,0,0,0,0,,0,0,0,1
2026-03-06T11:03:58.088+00:00,http://edge.cdn.local.ip:30080/central.cdn.ip:8087/cat/3/a/0/live/smil:102.smil/102/102high/chunklist.m3u8?bcod=8bf7437b-457a-3a66-94ea-3ec5a50fc74f,edge.cdn.local.ip,/central.cdn.ip:8087/cat/3/a/0/live/smil:102.smil/102/102high/chunklist.m3u8,.m3u8,manifest,,200,OK,edge.cdn.local.ip,30080,edge.cdn.local.ip:30080,application/x-mpegURL,2610,application/x-mpegurl,2610,,2769,159,418,174,,0,174,0,,1,0,0,1
2026-03-06T11:04:00.394+00:00,http://edge.cdn.local.ip:30080/central.cdn.ip:8087/cat/3/a/0/live/smil:102.smil/102/102high/chunklist.m3u8?bcod=8bf7437b-457a-3a66-94ea-3ec5a50fc74f,edge.cdn.local.ip,/central.cdn.ip:8087/cat/3/a/0/live/smil:102.smil/102/102high/chunklist.m3u8,.m3u8,manifest,,200,OK,edge.cdn.local.ip,30080,edge.cdn.local.ip:30080,application/x-mpegURL,2610,application/x-mpegurl,2610,,2769,159,418,91,0,0,91,0,,1,0,0,1
2026-03-06T11:04:03.321+00:00,http://edge.cdn.local.ip:30080/central.cdn.ip:8087/cat/3/a/0/live/smil:102.smil/102/102high/chunklist.m3u8?bcod=8bf7437b-457a-3a66-94ea-3ec5a50fc74f,edge.cdn.local.ip,/central.cdn.ip:8087/cat/3/a/0/live/smil:102.smil/102/102high/chunklist.m3u8,.m3u8,manifest,,200,OK,edge.cdn.local.ip,30080,edge.cdn.local.ip:30080,application/x-mpegURL,2610,application/x-mpegurl,2610,,2769,159,418,87,,0,87,0,,1,0,0,1
2026-03-06T11:04:06.319+00:00,http://edge.cdn.local.ip:30080/central.cdn.ip:8087/cat/3/a/0/live/smil:102.smil/102/102high/chunklist.m3u8?bcod=8bf7437b-457a-3a66-94ea-3ec5a50fc74f,edge.cdn.local.ip,/central.cdn.ip:8087/cat/3/a/0/live/smil:102.smil/102/102high/chunklist.m3u8,.m3u8,manifest,,200,OK,edge.cdn.local.ip,30080,edge.cdn.local.ip:30080,application/x-mpegURL,2610,application/x-mpegurl,2610,,2769,159,418,88,,0,88,0,,1,0,0,1
2026-03-06T11:04:12.322+00:00,http://edge.cdn.local.ip:30080/central.cdn.ip:8087/cat/3/a/0/live/smil:102.smil/102/102high/chunklist.m3u8?bcod=8bf7437b-457a-3a66-94ea-3ec5a50fc74f,edge.cdn.local.ip,/central.cdn.ip:8087/cat/3/a/0/live/smil:102.smil/102/102high/chunklist.m3u8,.m3u8,manifest,,200,OK,edge.cdn.local.ip,30080,edge.cdn.local.ip:30080,application/x-mpegURL,2610,application/x-mpegurl,2610,,2769,159,418,169,,0,169,0,,1,0,0,1
2026-03-06T11:04:16.103+00:00,http://edge.cdn.local.ip:30080/central.cdn.ip:8087/cat/3/a/0/live/smil:102.smil/102/102high/chunklist_1080000.ts?bcod=8bf7437b-457a-3a66-94ea-3ec5a50fc74f,edge.cdn.local.ip,/central.cdn.ip:8087/cat/3/a/0/live/smil:102.smil/102/102high/chunklist_1080000.ts,.ts,chunk,1080000,0,,,,edge.cdn.local.ip:30080,,,,0,base64,0,0,424,0,0,0,0,0,,0,0,0,1
2026-03-06T11:04:18.322+00:00,http://edge.cdn.local.ip:30080/central.cdn.ip:8087/cat/3/a/0/live/smil:102.smil/102/102high/chunklist.m3u8?bcod=8bf7437b-457a-3a66-94ea-3ec5a50fc74f,edge.cdn.local.ip,/central.cdn.ip:8087/cat/3/a/0/live/smil:102.smil/102/102high/chunklist.m3u8,.m3u8,manifest,,200,OK,edge.cdn.local.ip,30080,edge.cdn.local.ip:30080,application/x-mpegURL,2610,application/x-mpegurl,2610,,2769,159,418,174,,0,174,0,,1,0,0,1
2026-03-06T11:04:24.324+00:00,http://edge.cdn.local.ip:30080/central.cdn.ip:8087/cat/3/a/0/live/smil:102.smil/102/102high/chunklist.m3u8?bcod=8bf7437b-457a-3a66-94ea-3ec5a50fc74f,edge.cdn.local.ip,/central.cdn.ip:8087/cat/3/a/0/live/smil:102.smil/102/102high/chunklist.m3u8,.m3u8,manifest,,200,OK,edge.cdn.local.ip,30080,edge.cdn.local.ip:30080,application/x-mpegURL,2610,application/x-mpegurl,2610,,2769,159,418,169,,0,169,0,,1,0,0,1
2026-03-06T11:04:30.319+00:00,http://edge.cdn.local.ip:30080/central.cdn.ip:8087/cat/3/a/0/live/smil:102.smil/102/102high/chunklist.m3u8?bcod=8bf7437b-457a-3a66-94ea-3ec5a50fc74f,edge.cdn.local.ip,/central.cdn.ip:8087/cat/3/a/0/live/smil:102.smil/102/102high/chunklist.m3u8,.m3u8,manifest,,200,OK,edge.cdn.local.ip,30080,edge.cdn.local.ip:30080,application/x-mpegURL,2610,application/x-mpegurl,2610,,2769,159,418,168,,0,168,0,,1,0,0,1
2026-03-06T11:04:36.324+00:00,http://edge.cdn.local.ip:30080/central.cdn.ip:8087/cat/3/a/0/live/smil:102.smil/102/102high/chunklist.m3u8?bcod=8bf7437b-457a-3a66-94ea-3ec5a50fc74f,edge.cdn.local.ip,/central.cdn.ip:8087/cat/3/a/0/live/smil:102.smil/102/102high/chunklist.m3u8,.m3u8,manifest,,200,OK,edge.cdn.local.ip,30080,edge.cdn.local.ip:30080,application/x-mpegURL,2610,application/x-mpegurl,2610,,2769,159,418,169,,0,169,0,,1,0,0,1
2026-03-06T11:04:42.322+00:00,http://edge.cdn.local.ip:30080/central.cdn.ip:8087/cat/3/a/0/live/smil:102.smil/102/102high/chunklist.m3u8?bcod=8bf7437b-457a-3a66-94ea-3ec5a50fc74f,edge.cdn.local.ip,/central.cdn.ip:8087/cat/3/a/0/live/smil:102.smil/102/102high/chunklist.m3u8,.m3u8,manifest,,200,OK,edge.cdn.local.ip,30080,edge.cdn.local.ip:30080,application/x-mpegURL,2610,application/x-mpegurl,2610,,2769,159,418,169,0,0,169,0,,1,0,0,1
2026-03-06T11:04:44.298+00:00,http://edge.cdn.local.ip:30080/central.cdn.ip:8087/cat/3/a/0/live/smil:102.smil/102/102high/chunklist_1080000.ts?bcod=8bf7437b-457a-3a66-94ea-3ec5a50fc74f,edge.cdn.local.ip,/central.cdn.ip:8087/cat/3/a/0/live/smil:102.smil/102/102high/chunklist_1080000.ts,.ts,chunk,1080000,0,,,,edge.cdn.local.ip:30080,,,,0,base64,0,0,424,0,,0,0,0,,0,0,0,1
2026-03-06T11:04:48.320+00:00,http://edge.cdn.local.ip:30080/central.cdn.ip:8087/cat/3/a/0/live/smil:102.smil/102/102high/chunklist.m3u8?bcod=8bf7437b-457a-3a66-94ea-3ec5a50fc74f,edge.cdn.local.ip,/central.cdn.ip:8087/cat/3/a/0/live/smil:102.smil/102/102high/chunklist.m3u8,.m3u8,manifest,,200,OK,edge.cdn.local.ip,30080,edge.cdn.local.ip:30080,application/x-mpegURL,2610,application/x-mpegurl,2610,,2769,159,418,173,,0,173,0,,1,0,0,1
2026-03-06T11:04:54.323+00:00,http://edge.cdn.local.ip:30080/central.cdn.ip:8087/cat/3/a/0/live/smil:102.smil/102/102high/chunklist.m3u8?bcod=8bf7437b-457a-3a66-94ea-3ec5a50fc74f,edge.cdn.local.ip,/central.cdn.ip:8087/cat/3/a/0/live/smil:102.smil/102/102high/chunklist.m3u8,.m3u8,manifest,,200,OK,edge.cdn.local.ip,30080,edge.cdn.local.ip:30080,application/x-mpegURL,2610,application/x-mpegurl,2610,,2769,159,418,171,1,0,170,0,,1,0,0,1
2026-03-06T11:05:00.325+00:00,http://edge.cdn.local.ip:30080/central.cdn.ip:8087/cat/3/a/0/live/smil:102.smil/102/102high/chunklist.m3u8?bcod=8bf7437b-457a-3a66-94ea-3ec5a50fc74f,edge.cdn.local.ip,/central.cdn.ip:8087/cat/3/a/0/live/smil:102.smil/102/102high/chunklist.m3u8,.m3u8,manifest,,200,OK,edge.cdn.local.ip,30080,edge.cdn.local.ip:30080,application/x-mpegURL,2610,application/x-mpegurl,2610,,2769,159,418,170,1,0,169,0,,1,0,0,1
2026-03-06T11:05:06.323+00:00,http://edge.cdn.local.ip:30080/central.cdn.ip:8087/cat/3/a/0/live/smil:102.smil/102/102high/chunklist.m3u8?bcod=8bf7437b-457a-3a66-94ea-3ec5a50fc74f,edge.cdn.local.ip,/central.cdn.ip:8087/cat/3/a/0/live/smil:102.smil/102/102high/chunklist.m3u8,.m3u8,manifest,,200,OK,edge.cdn.local.ip,30080,edge.cdn.local.ip:30080,application/x-mpegURL,2610,application/x-mpegurl,2610,,2769,159,418,169,0,0,169,0,,1,0,0,1
2026-03-06T11:05:12.324+00:00,http://edge.cdn.local.ip:30080/central.cdn.ip:8087/cat/3/a/0/live/smil:102.smil/102/102high/chunklist.m3u8?bcod=8bf7437b-457a-3a66-94ea-3ec5a50fc74f,edge.cdn.local.ip,/central.cdn.ip:8087/cat/3/a/0/live/smil:102.smil/102/102high/chunklist.m3u8,.m3u8,manifest,,200,OK,edge.cdn.local.ip,30080,edge.cdn.local.ip:30080,application/x-mpegURL,2610,application/x-mpegurl,2610,,2769,159,418,169,,0,169,0,,1,0,0,1
2026-03-06T11:05:18.333+00:00,http://edge.cdn.local.ip:30080/central.cdn.ip:8087/cat/3/a/0/live/smil:102.smil/102/102high/chunklist.m3u8?bcod=8bf7437b-457a-3a66-94ea-3ec5a50fc74f,edge.cdn.local.ip,/central.cdn.ip:8087/cat/3/a/0/live/smil:102.smil/102/102high/chunklist.m3u8,.m3u8,manifest,,200,OK,edge.cdn.local.ip,30080,edge.cdn.local.ip:30080,application/x-mpegURL,2610,application/x-mpegurl,2610,,2769,159,418,168,,0,168,0,,1,0,0,1
2026-03-06T11:05:24.325+00:00,http://edge.cdn.local.ip:30080/central.cdn.ip:8087/cat/3/a/0/live/smil:102.smil/102/102high/chunklist.m3u8?bcod=8bf7437b-457a-3a66-94ea-3ec5a50fc74f,edge.cdn.local.ip,/central.cdn.ip:8087/cat/3/a/0/live/smil:102.smil/102/102high/chunklist.m3u8,.m3u8,manifest,,200,OK,edge.cdn.local.ip,30080,edge.cdn.local.ip:30080,application/x-mpegURL,2610,application/x-mpegurl,2610,,2769,159,418,168,,0,168,0,,1,0,0,1
2026-03-06T11:05:30.329+00:00,http://edge.cdn.local.ip:30080/central.cdn.ip:8087/cat/3/a/0/live/smil:102.smil/102/102high/chunklist.m3u8?bcod=8bf7437b-457a-3a66-94ea-3ec5a50fc74f,edge.cdn.local.ip,/central.cdn.ip:8087/cat/3/a/0/live/smil:102.smil/102/102high/chunklist.m3u8,.m3u8,manifest,,200,OK,edge.cdn.local.ip,30080,edge.cdn.local.ip:30080,application/x-mpegURL,2610,application/x-mpegurl,2610,,2769,159,418,171,0,0,171,0,,1,0,0,1
2026-03-06T11:05:36.324+00:00,http://edge.cdn.local.ip:30080/central.cdn.ip:8087/cat/3/a/0/live/smil:102.smil/102/102high/chunklist.m3u8?bcod=8bf7437b-457a-3a66-94ea-3ec5a50fc74f,edge.cdn.local.ip,/central.cdn.ip:8087/cat/3/a/0/live/smil:102.smil/102/102high/chunklist.m3u8,.m3u8,manifest,,200,OK,edge.cdn.local.ip,30080,edge.cdn.local.ip:30080,application/x-mpegURL,2610,application/x-mpegurl,2610,,2769,159,418,169,0,0,169,0,,1,0,0,1
2026-03-06T11:05:40.558+00:00,http://edge.cdn.local.ip:30080/central.cdn.ip:8087/cat/3/a/0/live/smil:102.smil/102/102high/chunklist_1080023.ts?bcod=8bf7437b-457a-3a66-94ea-3ec5a50fc74f,edge.cdn.local.ip,/central.cdn.ip:8087/cat/3/a/0/live/smil:102.smil/102/102high/chunklist_1080023.ts,.ts,chunk,1080023,200,OK,edge.cdn.local.ip,30080,edge.cdn.local.ip:30080,video/MP2T,1172180,video/mp2t,1172180,base64,1172331,151,424,706,,0,605,101,11607237.623762375,1,0,0,1
2026-03-06T11:05:41.407+00:00,http://edge.cdn.local.ip:30080/central.cdn.ip:8087/cat/3/a/0/live/smil:102.smil/102/102high/chunklist_1080024.ts?bcod=8bf7437b-457a-3a66-94ea-3ec5a50fc74f,edge.cdn.local.ip,/central.cdn.ip:8087/cat/3/a/0/live/smil:102.smil/102/102high/chunklist_1080024.ts,.ts,chunk,1080024,200,OK,edge.cdn.local.ip,30080,edge.cdn.local.ip:30080,video/MP2T,1196432,video/mp2t,1196432,base64,1196583,151,424,817,0,0,690,127,9421913.385826772,1,0,0,1
2026-03-06T11:05:42.319+00:00,http://edge.cdn.local.ip:30080/central.cdn.ip:8087/cat/3/a/0/live/smil:102.smil/102/102high/chunklist_1080025.ts?bcod=8bf7437b-457a-3a66-94ea-3ec5a50fc74f,edge.cdn.local.ip,/central.cdn.ip:8087/cat/3/a/0/live/smil:102.smil/102/102high/chunklist_1080025.ts,.ts,chunk,1080025,200,OK,edge.cdn.local.ip,30080,edge.cdn.local.ip:30080,video/MP2T,1232528,video/mp2t,1232528,base64,1232679,151,424,703,0,0,689,14,88048500.0,1,0,0,1
2026-03-06T11:05:42.432+00:00,http://edge.cdn.local.ip:30080/central.cdn.ip:8087/cat/3/a/0/live/smil:102.smil/102/102high/chunklist.m3u8?bcod=8bf7437b-457a-3a66-94ea-3ec5a50fc74f,edge.cdn.local.ip,/central.cdn.ip:8087/cat/3/a/0/live/smil:102.smil/102/102high/chunklist.m3u8,.m3u8,manifest,,200,OK,edge.cdn.local.ip,30080,edge.cdn.local.ip:30080,application/x-mpegURL,2610,application/x-mpegurl,2610,,2769,159,418,173,,0,173,0,,1,0,0,1
2026-03-06T11:05:43.833+00:00,http://edge.cdn.local.ip:30080/central.cdn.ip:8087/cat/3/a/0/live/smil:102.smil/102/102high/chunklist_1080026.ts?bcod=8bf7437b-457a-3a66-94ea-3ec5a50fc74f,edge.cdn.local.ip,/central.cdn.ip:8087/cat/3/a/0/live/smil:102.smil/102/102high/chunklist_1080026.ts,.ts,chunk,1080026,200,OK,edge.cdn.local.ip,30080,edge.cdn.local.ip:30080,video/MP2T,1082128,video/mp2t,1082128,base64,1082279,151,424,745,1,0,603,141,7675737.588652483,1,0,0,1
2026-03-06T11:05:48.326+00:00,http://edge.cdn.local.ip:30080/central.cdn.ip:8087/cat/3/a/0/live/smil:102.smil/102/102high/chunklist.m3u8?bcod=8bf7437b-457a-3a66-94ea-3ec5a50fc74f,edge.cdn.local.ip,/central.cdn.ip:8087/cat/3/a/0/live/smil:102.smil/102/102high/chunklist.m3u8,.m3u8,manifest,,200,OK,edge.cdn.local.ip,30080,edge.cdn.local.ip:30080,application/x-mpegURL,2610,application/x-mpegurl,2610,,2769,159,418,169,,0,169,0,,1,0,0,1
2026-03-06T11:05:48.831+00:00,http://edge.cdn.local.ip:30080/central.cdn.ip:8087/cat/3/a/0/live/smil:102.smil/102/102high/chunklist_1080027.ts?bcod=8bf7437b-457a-3a66-94ea-3ec5a50fc74f,edge.cdn.local.ip,/central.cdn.ip:8087/cat/3/a/0/live/smil:102.smil/102/102high/chunklist_1080027.ts,.ts,chunk,1080027,200,OK,edge.cdn.local.ip,30080,edge.cdn.local.ip:30080,video/MP2T,1195116,video/mp2t,1195116,base64,1195267,151,424,615,,0,610,5,239053400.0,1,0,0,1
2026-03-06T11:05:54.330+00:00,http://edge.cdn.local.ip:30080/central.cdn.ip:8087/cat/3/a/0/live/smil:102.smil/102/102high/chunklist.m3u8?bcod=8bf7437b-457a-3a66-94ea-3ec5a50fc74f,edge.cdn.local.ip,/central.cdn.ip:8087/cat/3/a/0/live/smil:102.smil/102/102high/chunklist.m3u8,.m3u8,manifest,,200,OK,edge.cdn.local.ip,30080,edge.cdn.local.ip:30080,application/x-mpegURL,2610,application/x-mpegurl,2610,,2769,159,418,168,,0,168,0,,1,0,0,1
2026-03-06T11:05:54.543+00:00,http://edge.cdn.local.ip:30080/central.cdn.ip:8087/cat/3/a/0/live/smil:102.smil/102/102high/chunklist_1080028.ts?bcod=8bf7437b-457a-3a66-94ea-3ec5a50fc74f,edge.cdn.local.ip,/central.cdn.ip:8087/cat/3/a/0/live/smil:102.smil/102/102high/chunklist_1080028.ts,.ts,chunk,1080028,200,OK,edge.cdn.local.ip,30080,edge.cdn.local.ip:30080,video/MP2T,1161840,video/mp2t,1161840,base64,1161991,151,424,711,1,0,602,108,10759175.925925925,1,0,0,1
2026-03-06T11:06:00.329+00:00,http://edge.cdn.local.ip:30080/central.cdn.ip:8087/cat/3/a/0/live/smil:102.smil/102/102high/chunklist.m3u8?bcod=8bf7437b-457a-3a66-94ea-3ec5a50fc74f,edge.cdn.local.ip,/central.cdn.ip:8087/cat/3/a/0/live/smil:102.smil/102/102high/chunklist.m3u8,.m3u8,manifest,,200,OK,edge.cdn.local.ip,30080,edge.cdn.local.ip:30080,application/x-mpegURL,2610,application/x-mpegurl,2610,,2769,159,418,170,,0,170,0,,1,0,0,1
2026-03-06T11:06:00.571+00:00,http://edge.cdn.local.ip:30080/central.cdn.ip:8087/cat/3/a/0/live/smil:102.smil/102/102high/chunklist_1080029.ts?bcod=8bf7437b-457a-3a66-94ea-3ec5a50fc74f,edge.cdn.local.ip,/central.cdn.ip:8087/cat/3/a/0/live/smil:102.smil/102/102high/chunklist_1080029.ts,.ts,chunk,1080029,200,OK,edge.cdn.local.ip,30080,edge.cdn.local.ip:30080,video/MP2T,1128940,video/mp2t,1128940,base64,1129091,151,424,643,,0,599,44,25661159.090909094,1,0,0,1
2026-03-06T11:06:06.328+00:00,http://edge.cdn.local.ip:30080/central.cdn.ip:8087/cat/3/a/0/live/smil:102.smil/102/102high/chunklist.m3u8?bcod=8bf7437b-457a-3a66-94ea-3ec5a50fc74f,edge.cdn.local.ip,/central.cdn.ip:8087/cat/3/a/0/live/smil:102.smil/102/102high/chunklist.m3u8,.m3u8,manifest,,200,OK,edge.cdn.local.ip,30080,edge.cdn.local.ip:30080,application/x-mpegURL,2610,application/x-mpegurl,2610,,2769,159,418,169,0,0,169,0,,1,0,0,1
2026-03-06T11:06:06.608+00:00,http://edge.cdn.local.ip:30080/central.cdn.ip:8087/cat/3/a/0/live/smil:102.smil/102/102high/chunklist_1080030.ts?bcod=8bf7437b-457a-3a66-94ea-3ec5a50fc74f,edge.cdn.local.ip,/central.cdn.ip:8087/cat/3/a/0/live/smil:102.smil/102/102high/chunklist_1080030.ts,.ts,chunk,1080030,200,OK,edge.cdn.local.ip,30080,edge.cdn.local.ip:30080,video/MP2T,1165224,video/mp2t,1165224,base64,1165375,151,424,609,,0,603,6,194229166.66666666,1,0,0,1
2026-03-06T11:06:12.332+00:00,http://edge.cdn.local.ip:30080/central.cdn.ip:8087/cat/3/a/0/live/smil:102.smil/102/102high/chunklist.m3u8?bcod=8bf7437b-457a-3a66-94ea-3ec5a50fc74f,edge.cdn.local.ip,/central.cdn.ip:8087/cat/3/a/0/live/smil:102.smil/102/102high/chunklist.m3u8,.m3u8,manifest,,200,OK,edge.cdn.local.ip,30080,edge.cdn.local.ip:30080,application/x-mpegURL,2610,application/x-mpegurl,2610,,2769,159,418,169,,0,169,0,,1,0,0,1
2026-03-06T11:06:12.710+00:00,http://edge.cdn.local.ip:30080/central.cdn.ip:8087/cat/3/a/0/live/smil:102.smil/102/102high/chunklist_1080031.ts?bcod=8bf7437b-457a-3a66-94ea-3ec5a50fc74f,edge.cdn.local.ip,/central.cdn.ip:8087/cat/3/a/0/live/smil:102.smil/102/102high/chunklist_1080031.ts,.ts,chunk,1080031,200,OK,edge.cdn.local.ip,30080,edge.cdn.local.ip:30080,video/MP2T,1165412,video/mp2t,1165412,base64,1165563,151,424,641,,0,600,41,28428365.853658535,1,0,0,1
2026-03-06T11:06:18.331+00:00,http://edge.cdn.local.ip:30080/central.cdn.ip:8087/cat/3/a/0/live/smil:102.smil/102/102high/chunklist.m3u8?bcod=8bf7437b-457a-3a66-94ea-3ec5a50fc74f,edge.cdn.local.ip,/central.cdn.ip:8087/cat/3/a/0/live/smil:102.smil/102/102high/chunklist.m3u8,.m3u8,manifest,,200,OK,edge.cdn.local.ip,30080,edge.cdn.local.ip:30080,application/x-mpegURL,2610,application/x-mpegurl,2610,,2769,159,418,169,,0,169,0,,1,0,0,1
2026-03-06T11:06:18.702+00:00,http://edge.cdn.local.ip:30080/central.cdn.ip:8087/cat/3/a/0/live/smil:102.smil/102/102high/chunklist_1080032.ts?bcod=8bf7437b-457a-3a66-94ea-3ec5a50fc74f,edge.cdn.local.ip,/central.cdn.ip:8087/cat/3/a/0/live/smil:102.smil/102/102high/chunklist_1080032.ts,.ts,chunk,1080032,200,OK,edge.cdn.local.ip,30080,edge.cdn.local.ip:30080,video/MP2T,1166352,video/mp2t,1166352,base64,1166503,151,424,772,,0,765,7,166643285.7142857,1,0,0,1
2026-03-06T11:06:24.335+00:00,http://edge.cdn.local.ip:30080/central.cdn.ip:8087/cat/3/a/0/live/smil:102.smil/102/102high/chunklist.m3u8?bcod=8bf7437b-457a-3a66-94ea-3ec5a50fc74f,edge.cdn.local.ip,/central.cdn.ip:8087/cat/3/a/0/live/smil:102.smil/102/102high/chunklist.m3u8,.m3u8,manifest,,200,OK,edge.cdn.local.ip,30080,edge.cdn.local.ip:30080,application/x-mpegURL,2610,application/x-mpegurl,2610,,2769,159,418,169,,0,169,0,,1,0,0,1
2026-03-06T11:06:24.601+00:00,http://edge.cdn.local.ip:30080/central.cdn.ip:8087/cat/3/a/0/live/smil:102.smil/102/102high/chunklist_1080033.ts?bcod=8bf7437b-457a-3a66-94ea-3ec5a50fc74f,edge.cdn.local.ip,/central.cdn.ip:8087/cat/3/a/0/live/smil:102.smil/102/102high/chunklist_1080033.ts,.ts,chunk,1080033,200,OK,edge.cdn.local.ip,30080,edge.cdn.local.ip:30080,video/MP2T,1177068,video/mp2t,1177068,base64,1177219,151,424,855,0,0,603,252,4671503.968253968,1,0,0,1
2026-03-06T11:06:30.336+00:00,http://edge.cdn.local.ip:30080/central.cdn.ip:8087/cat/3/a/0/live/smil:102.smil/102/102high/chunklist.m3u8?bcod=8bf7437b-457a-3a66-94ea-3ec5a50fc74f,edge.cdn.local.ip,/central.cdn.ip:8087/cat/3/a/0/live/smil:102.smil/102/102high/chunklist.m3u8,.m3u8,manifest,,200,OK,edge.cdn.local.ip,30080,edge.cdn.local.ip:30080,application/x-mpegURL,2610,application/x-mpegurl,2610,,2769,159,418,170,,0,170,0,,1,0,0,1
2026-03-06T11:06:30.746+00:00,http://edge.cdn.local.ip:30080/central.cdn.ip:8087/cat/3/a/0/live/smil:102.smil/102/102high/chunklist_1080034.ts?bcod=8bf7437b-457a-3a66-94ea-3ec5a50fc74f,edge.cdn.local.ip,/central.cdn.ip:8087/cat/3/a/0/live/smil:102.smil/102/102high/chunklist_1080034.ts,.ts,chunk,1080034,200,OK,edge.cdn.local.ip,30080,edge.cdn.local.ip:30080,video/MP2T,1169548,video/mp2t,1169548,base64,1169699,151,424,897,,0,856,41,28529243.902439024,1,0,0,1
2026-03-06T11:06:36.339+00:00,http://edge.cdn.local.ip:30080/central.cdn.ip:8087/cat/3/a/0/live/smil:102.smil/102/102high/chunklist.m3u8?bcod=8bf7437b-457a-3a66-94ea-3ec5a50fc74f,edge.cdn.local.ip,/central.cdn.ip:8087/cat/3/a/0/live/smil:102.smil/102/102high/chunklist.m3u8,.m3u8,manifest,,200,OK,edge.cdn.local.ip,30080,edge.cdn.local.ip:30080,application/x-mpegURL,2610,application/x-mpegurl,2610,,2769,159,418,173,,0,173,0,,1,0,0,1
2026-03-06T11:06:36.917+00:00,http://edge.cdn.local.ip:30080/central.cdn.ip:8087/cat/3/a/0/live/smil:102.smil/102/102high/chunklist_1080035.ts?bcod=8bf7437b-457a-3a66-94ea-3ec5a50fc74f,edge.cdn.local.ip,/central.cdn.ip:8087/cat/3/a/0/live/smil:102.smil/102/102high/chunklist_1080035.ts,.ts,chunk,1080035,200,OK,edge.cdn.local.ip,30080,edge.cdn.local.ip:30080,video/MP2T,1234408,video/mp2t,1234408,base64,1234559,151,424,626,,0,608,18,68586611.11111112,1,0,0,1
2026-03-06T11:06:42.339+00:00,http://edge.cdn.local.ip:30080/central.cdn.ip:8087/cat/3/a/0/live/smil:102.smil/102/102high/chunklist.m3u8?bcod=8bf7437b-457a-3a66-94ea-3ec5a50fc74f,edge.cdn.local.ip,/central.cdn.ip:8087/cat/3/a/0/live/smil:102.smil/102/102high/chunklist.m3u8,.m3u8,manifest,,200,OK,edge.cdn.local.ip,30080,edge.cdn.local.ip:30080,application/x-mpegURL,2610,application/x-mpegurl,2610,,2769,159,418,168,0,0,168,0,,1,0,0,1
2026-03-06T11:06:42.583+00:00,http://edge.cdn.local.ip:30080/central.cdn.ip:8087/cat/3/a/0/live/smil:102.smil/102/102high/chunklist_1080036.ts?bcod=8bf7437b-457a-3a66-94ea-3ec5a50fc74f,edge.cdn.local.ip,/central.cdn.ip:8087/cat/3/a/0/live/smil:102.smil/102/102high/chunklist_1080036.ts,.ts,chunk,1080036,200,OK,edge.cdn.local.ip,30080,edge.cdn.local.ip:30080,video/MP2T,1076864,video/mp2t,1076864,base64,1077015,151,424,647,,0,595,52,20711826.923076924,1,0,0,1
2026-03-06T11:06:48.338+00:00,http://edge.cdn.local.ip:30080/central.cdn.ip:8087/cat/3/a/0/live/smil:102.smil/102/102high/chunklist.m3u8?bcod=8bf7437b-457a-3a66-94ea-3ec5a50fc74f,edge.cdn.local.ip,/central.cdn.ip:8087/cat/3/a/0/live/smil:102.smil/102/102high/chunklist.m3u8,.m3u8,manifest,,200,OK,edge.cdn.local.ip,30080,edge.cdn.local.ip:30080,application/x-mpegURL,2610,application/x-mpegurl,2610,,2769,159,418,172,0,0,172,0,,1,0,0,1
2026-03-06T11:06:49.033+00:00,http://edge.cdn.local.ip:30080/central.cdn.ip:8087/cat/3/a/0/live/smil:102.smil/102/102high/chunklist_1080037.ts?bcod=8bf7437b-457a-3a66-94ea-3ec5a50fc74f,edge.cdn.local.ip,/central.cdn.ip:8087/cat/3/a/0/live/smil:102.smil/102/102high/chunklist_1080037.ts,.ts,chunk,1080037,200,OK,edge.cdn.local.ip,30080,edge.cdn.local.ip:30080,video/MP2T,1250388,video/mp2t,1250388,base64,1250539,151,424,627,0,0,620,7,178648428.57142857,1,0,0,1
2026-03-06T11:06:54.338+00:00,http://edge.cdn.local.ip:30080/central.cdn.ip:8087/cat/3/a/0/live/smil:102.smil/102/102high/chunklist.m3u8?bcod=8bf7437b-457a-3a66-94ea-3ec5a50fc74f,edge.cdn.local.ip,/central.cdn.ip:8087/cat/3/a/0/live/smil:102.smil/102/102high/chunklist.m3u8,.m3u8,manifest,,200,OK,edge.cdn.local.ip,30080,edge.cdn.local.ip:30080,application/x-mpegURL,2610,application/x-mpegurl,2610,,2769,159,418,468,,0,468,0,,1,0,0,1
2026-03-06T11:06:55.091+00:00,http://edge.cdn.local.ip:30080/central.cdn.ip:8087/cat/3/a/0/live/smil:102.smil/102/102high/chunklist_1080038.ts?bcod=8bf7437b-457a-3a66-94ea-3ec5a50fc74f,edge.cdn.local.ip,/central.cdn.ip:8087/cat/3/a/0/live/smil:102.smil/102/102high/chunklist_1080038.ts,.ts,chunk,1080038,200,OK,edge.cdn.local.ip,30080,edge.cdn.local.ip:30080,video/MP2T,1111268,video/mp2t,1111268,base64,1111419,151,424,647,,0,604,43,25846953.488372095,1,0,0,1
2026-03-06T11:07:00.340+00:00,http://edge.cdn.local.ip:30080/central.cdn.ip:8087/cat/3/a/0/live/smil:102.smil/102/102high/chunklist.m3u8?bcod=8bf7437b-457a-3a66-94ea-3ec5a50fc74f,edge.cdn.local.ip,/central.cdn.ip:8087/cat/3/a/0/live/smil:102.smil/102/102high/chunklist.m3u8,.m3u8,manifest,,200,OK,edge.cdn.local.ip,30080,edge.cdn.local.ip:30080,application/x-mpegURL,2610,application/x-mpegurl,2610,,2769,159,418,170,0,0,170,0,,1,0,0,1
2026-03-06T11:07:00.525+00:00,http://edge.cdn.local.ip:30080/central.cdn.ip:8087/cat/3/a/0/live/smil:102.smil/102/102high/chunklist_1080039.ts?bcod=8bf7437b-457a-3a66-94ea-3ec5a50fc74f,edge.cdn.local.ip,/central.cdn.ip:8087/cat/3/a/0/live/smil:102.smil/102/102high/chunklist_1080039.ts,.ts,chunk,1080039,200,OK,edge.cdn.local.ip,30080,edge.cdn.local.ip:30080,video/MP2T,1178572,video/mp2t,1178572,base64,1178723,151,424,633,,0,605,28,42097250.0,1,0,0,1
2026-03-06T11:07:06.339+00:00,http://edge.cdn.local.ip:30080/central.cdn.ip:8087/cat/3/a/0/live/smil:102.smil/102/102high/chunklist.m3u8?bcod=8bf7437b-457a-3a66-94ea-3ec5a50fc74f,edge.cdn.local.ip,/central.cdn.ip:8087/cat/3/a/0/live/smil:102.smil/102/102high/chunklist.m3u8,.m3u8,manifest,,200,OK,edge.cdn.local.ip,30080,edge.cdn.local.ip:30080,application/x-mpegURL,2610,application/x-mpegurl,2610,,2769,159,418,170,1,0,169,0,,1,0,0,1
2026-03-06T11:07:06.524+00:00,http://edge.cdn.local.ip:30080/central.cdn.ip:8087/cat/3/a/0/live/smil:102.smil/102/102high/chunklist_1080040.ts?bcod=8bf7437b-457a-3a66-94ea-3ec5a50fc74f,edge.cdn.local.ip,/central.cdn.ip:8087/cat/3/a/0/live/smil:102.smil/102/102high/chunklist_1080040.ts,.ts,chunk,1080040,200,OK,edge.cdn.local.ip,30080,edge.cdn.local.ip:30080,video/MP2T,1156764,video/mp2t,1156764,base64,1156915,151,424,727,,0,602,125,9255320.0,1,0,0,1
2026-03-06T11:07:14.430+00:00,http://central.cdn.ip/getStreamer/live/115?bcod=8bf7437b-457a-3a66-94ea-3ec5a50fc74f,central.cdn.ip,/getStreamer/live/115,,other,,200,OK,central.cdn.ip,80,central.cdn.ip,text/plain,58,text/plain,51,,436,378,423,231,52,82,97,0,,1,0,0,0
2026-03-06T11:07:14.459+00:00,http://edge.cdn.local.ip:30080/central.cdn.ip:8087/cat/3/a/0/live/smil:102.smil/102/102high/chunklist.m3u8?bcod=8bf7437b-457a-3a66-94ea-3ec5a50fc74f,edge.cdn.local.ip,/central.cdn.ip:8087/cat/3/a/0/live/smil:102.smil/102/102high/chunklist.m3u8,.m3u8,manifest,,200,OK,edge.cdn.local.ip,30080,edge.cdn.local.ip:30080,application/x-mpegURL,2610,application/x-mpegurl,2610,,2769,159,418,168,,0,168,0,,1,0,0,1
2026-03-06T11:07:15.209+00:00,http://central.cdn.ip:8087/central.cdn.ip:8087/cat/3/a/0/live/smil:115.smil/playlist.m3u8?DVR=true&bcod=8bf7437b-457a-3a66-94ea-3ec5a50fc74f,central.cdn.ip,/central.cdn.ip:8087/cat/3/a/0/live/smil:115.smil/playlist.m3u8,.m3u8,manifest,,400,Bad Request,central.cdn.ip,8087,central.cdn.ip:8087,text/plain; charset=UTF-8,,text/plain; charset=UTF-8,26,,146,120,435,165,,82,83,0,,0,0,1,1
2026-03-06T11:08:56.815+00:00,http://central.cdn.ip/getStreamer/live/102?bcod=8bf7437b-457a-3a66-94ea-3ec5a50fc74f,central.cdn.ip,/getStreamer/live/102,,other,,200,OK,central.cdn.ip,80,central.cdn.ip,text/plain,69,text/plain,52,,447,378,423,251,79,81,91,0,,1,0,0,0
2026-03-06T11:08:57.022+00:00,http://central2.cdn.ip:30082/central.cdn.ip:8087/cat/3/a/0/live/smil:102.smil/playlist.m3u8?DVR=true&bcod=8bf7437b-457a-3a66-94ea-3ec5a50fc74f,central2.cdn.ip,/central.cdn.ip:8087/cat/3/a/0/live/smil:102.smil/playlist.m3u8,.m3u8,manifest,,200,OK,central2.cdn.ip,30082,central2.cdn.ip:30082,application/x-mpegURL,143,application/x-mpegurl,143,,301,158,436,233,64,82,87,0,,1,0,0,1
2026-03-06T11:08:57.322+00:00,http://central2.cdn.ip:30082/central.cdn.ip:8087/cat/3/a/0/live/smil:102.smil/102/102high/chunklist.m3u8?bcod=8bf7437b-457a-3a66-94ea-3ec5a50fc74f,central2.cdn.ip,/central.cdn.ip:8087/cat/3/a/0/live/smil:102.smil/102/102high/chunklist.m3u8,.m3u8,manifest,,200,OK,central2.cdn.ip,30082,central2.cdn.ip:30082,application/x-mpegURL,2610,application/x-mpegurl,2610,,2769,159,425,84,0,0,84,0,,1,0,0,1
2026-03-06T11:08:57.674+00:00,http://central2.cdn.ip:30082/central.cdn.ip:8087/cat/3/a/0/live/smil:102.smil/102/102high/chunklist_1080056.ts?bcod=8bf7437b-457a-3a66-94ea-3ec5a50fc74f,central2.cdn.ip,/central.cdn.ip:8087/cat/3/a/0/live/smil:102.smil/102/102high/chunklist_1080056.ts,.ts,chunk,1080056,200,OK,central2.cdn.ip,30082,central2.cdn.ip:30082,video/MP2T,1119540,video/mp2t,1119540,base64,1119691,151,431,607,1,0,94,512,2186896.484375,1,0,0,1
2026-03-06T11:08:58.919+00:00,http://central2.cdn.ip:30082/central.cdn.ip:8087/cat/3/a/0/live/smil:102.smil/102/102high/chunklist_1080057.ts?bcod=8bf7437b-457a-3a66-94ea-3ec5a50fc74f,central2.cdn.ip,/central.cdn.ip:8087/cat/3/a/0/live/smil:102.smil/102/102high/chunklist_1080057.ts,.ts,chunk,1080057,200,OK,central2.cdn.ip,30082,central2.cdn.ip:30082,video/MP2T,1269940,video/mp2t,1269940,base64,1270091,151,431,328,,0,94,234,5427739.316239316,1,0,0,1
2026-03-06T11:08:59.677+00:00,http://central2.cdn.ip:30082/central.cdn.ip:8087/cat/3/a/0/live/smil:102.smil/102/102high/chunklist_1080058.ts?bcod=8bf7437b-457a-3a66-94ea-3ec5a50fc74f,central2.cdn.ip,/central.cdn.ip:8087/cat/3/a/0/live/smil:102.smil/102/102high/chunklist_1080058.ts,.ts,chunk,1080058,200,OK,central2.cdn.ip,30082,central2.cdn.ip:30082,video/MP2T,1119728,video/mp2t,1119728,base64,1119879,151,431,309,0,0,91,218,5137059.633027523,1,0,0,1
2026-03-06T11:09:03.325+00:00,http://central2.cdn.ip:30082/central.cdn.ip:8087/cat/3/a/0/live/smil:102.smil/102/102high/chunklist.m3u8?bcod=8bf7437b-457a-3a66-94ea-3ec5a50fc74f,central2.cdn.ip,/central.cdn.ip:8087/cat/3/a/0/live/smil:102.smil/102/102high/chunklist.m3u8,.m3u8,manifest,,200,OK,central2.cdn.ip,30082,central2.cdn.ip:30082,application/x-mpegURL,2610,application/x-mpegurl,2610,,2769,159,425,86,0,0,86,0,,1,0,0,1
2026-03-06T11:09:03.426+00:00,http://central2.cdn.ip:30082/central.cdn.ip:8087/cat/3/a/0/live/smil:102.smil/102/102high/chunklist_1080059.ts?bcod=8bf7437b-457a-3a66-94ea-3ec5a50fc74f,central2.cdn.ip,/central.cdn.ip:8087/cat/3/a/0/live/smil:102.smil/102/102high/chunklist_1080059.ts,.ts,chunk,1080059,200,OK,central2.cdn.ip,30082,central2.cdn.ip:30082,video/MP2T,1114276,video/mp2t,1114276,base64,1114427,151,431,601,,0,91,510,2185150.9803921566,1,0,0,1
2026-03-06T11:09:09.323+00:00,http://central2.cdn.ip:30082/central.cdn.ip:8087/cat/3/a/0/live/smil:102.smil/102/102high/chunklist.m3u8?bcod=8bf7437b-457a-3a66-94ea-3ec5a50fc74f,central2.cdn.ip,/central.cdn.ip:8087/cat/3/a/0/live/smil:102.smil/102/102high/chunklist.m3u8,.m3u8,manifest,,200,OK,central2.cdn.ip,30082,central2.cdn.ip:30082,application/x-mpegURL,2610,application/x-mpegurl,2610,,2769,159,425,86,,0,86,0,,1,0,0,1
2026-03-06T11:09:09.423+00:00,http://central2.cdn.ip:30082/central.cdn.ip:8087/cat/3/a/0/live/smil:102.smil/102/102high/chunklist_1080060.ts?bcod=8bf7437b-457a-3a66-94ea-3ec5a50fc74f,central2.cdn.ip,/central.cdn.ip:8087/cat/3/a/0/live/smil:102.smil/102/102high/chunklist_1080060.ts,.ts,chunk,1080060,200,OK,central2.cdn.ip,30082,central2.cdn.ip:30082,video/MP2T,1180076,video/mp2t,1180076,base64,1180227,151,431,678,0,0,91,587,2010608.1771720615,1,0,0,1
2026-03-06T11:09:15.324+00:00,http://central2.cdn.ip:30082/central.cdn.ip:8087/cat/3/a/0/live/smil:102.smil/102/102high/chunklist.m3u8?bcod=8bf7437b-457a-3a66-94ea-3ec5a50fc74f,central2.cdn.ip,/central.cdn.ip:8087/cat/3/a/0/live/smil:102.smil/102/102high/chunklist.m3u8,.m3u8,manifest,,200,OK,central2.cdn.ip,30082,central2.cdn.ip:30082,application/x-mpegURL,2610,application/x-mpegurl,2610,,2769,159,425,85,0,0,85,0,,1,0,0,1
2026-03-06T11:09:15.425+00:00,http://central2.cdn.ip:30082/central.cdn.ip:8087/cat/3/a/0/live/smil:102.smil/102/102high/chunklist_1080061.ts?bcod=8bf7437b-457a-3a66-94ea-3ec5a50fc74f,central2.cdn.ip,/central.cdn.ip:8087/cat/3/a/0/live/smil:102.smil/102/102high/chunklist_1080061.ts,.ts,chunk,1080061,200,OK,central2.cdn.ip,30082,central2.cdn.ip:30082,video/MP2T,1296260,video/mp2t,1296260,base64,1296411,151,431,879,,0,96,783,1655697.3180076627,1,0,0,1
2026-03-06T11:09:21.325+00:00,http://central2.cdn.ip:30082/central.cdn.ip:8087/cat/3/a/0/live/smil:102.smil/102/102high/chunklist.m3u8?bcod=8bf7437b-457a-3a66-94ea-3ec5a50fc74f,central2.cdn.ip,/central.cdn.ip:8087/cat/3/a/0/live/smil:102.smil/102/102high/chunklist.m3u8,.m3u8,manifest,,200,OK,central2.cdn.ip,30082,central2.cdn.ip:30082,application/x-mpegURL,2610,application/x-mpegurl,2610,,2769,159,425,86,,0,86,0,,1,0,0,1
2026-03-06T11:09:21.424+00:00,http://central2.cdn.ip:30082/central.cdn.ip:8087/cat/3/a/0/live/smil:102.smil/102/102high/chunklist_1080062.ts?bcod=8bf7437b-457a-3a66-94ea-3ec5a50fc74f,central2.cdn.ip,/central.cdn.ip:8087/cat/3/a/0/live/smil:102.smil/102/102high/chunklist_1080062.ts,.ts,chunk,1080062,200,OK,central2.cdn.ip,30082,central2.cdn.ip:30082,video/MP2T,1102996,video/mp2t,1102996,base64,1103147,151,431,5865,0,0,91,5774,191054.20852095602,1,0,0,1
2026-03-06T11:09:27.326+00:00,http://central2.cdn.ip:30082/central.cdn.ip:8087/cat/3/a/0/live/smil:102.smil/102/102high/chunklist.m3u8?bcod=8bf7437b-457a-3a66-94ea-3ec5a50fc74f,central2.cdn.ip,/central.cdn.ip:8087/cat/3/a/0/live/smil:102.smil/102/102high/chunklist.m3u8,.m3u8,manifest,,200,OK,central2.cdn.ip,30082,central2.cdn.ip:30082,application/x-mpegURL,2610,application/x-mpegurl,2610,,2769,159,425,86,0,0,86,0,,1,0,0,1
2026-03-06T11:09:27.464+00:00,http://central2.cdn.ip:30082/central.cdn.ip:8087/cat/3/a/0/live/smil:102.smil/102/102high/chunklist_1080063.ts?bcod=8bf7437b-457a-3a66-94ea-3ec5a50fc74f,central2.cdn.ip,/central.cdn.ip:8087/cat/3/a/0/live/smil:102.smil/102/102high/chunklist_1080063.ts,.ts,chunk,1080063,200,OK,central2.cdn.ip,30082,central2.cdn.ip:30082,video/MP2T,1132136,video/mp2t,1132136,base64,1132287,151,431,489,,0,92,397,2852108.312342569,1,0,0,1
2026-03-06T11:09:33.679+00:00,http://central2.cdn.ip:30082/central.cdn.ip:8087/cat/3/a/0/live/smil:102.smil/102/102high/chunklist.m3u8?bcod=8bf7437b-457a-3a66-94ea-3ec5a50fc74f,central2.cdn.ip,/central.cdn.ip:8087/cat/3/a/0/live/smil:102.smil/102/102high/chunklist.m3u8,.m3u8,manifest,,200,OK,central2.cdn.ip,30082,central2.cdn.ip:30082,application/x-mpegURL,2610,application/x-mpegurl,2610,,2769,159,425,85,,0,85,0,,1,0,0,1
2026-03-06T11:09:33.786+00:00,http://central2.cdn.ip:30082/central.cdn.ip:8087/cat/3/a/0/live/smil:102.smil/102/102high/chunklist_1080064.ts?bcod=8bf7437b-457a-3a66-94ea-3ec5a50fc74f,central2.cdn.ip,/central.cdn.ip:8087/cat/3/a/0/live/smil:102.smil/102/102high/chunklist_1080064.ts,.ts,chunk,1080064,200,OK,central2.cdn.ip,30082,central2.cdn.ip:30082,video/MP2T,1197372,video/mp2t,1197372,base64,1197523,151,431,713,0,0,91,622,1925278.1350482316,1,0,0,1
2026-03-06T11:09:39.329+00:00,http://central2.cdn.ip:30082/central.cdn.ip:8087/cat/3/a/0/live/smil:102.smil/102/102high/chunklist.m3u8?bcod=8bf7437b-457a-3a66-94ea-3ec5a50fc74f,central2.cdn.ip,/central.cdn.ip:8087/cat/3/a/0/live/smil:102.smil/102/102high/chunklist.m3u8,.m3u8,manifest,,200,OK,central2.cdn.ip,30082,central2.cdn.ip:30082,application/x-mpegURL,2610,application/x-mpegurl,2610,,2769,159,425,86,,0,86,0,,1,0,0,1
2026-03-06T11:09:39.434+00:00,http://central2.cdn.ip:30082/central.cdn.ip:8087/cat/3/a/0/live/smil:102.smil/102/102high/chunklist_1080065.ts?bcod=8bf7437b-457a-3a66-94ea-3ec5a50fc74f,central2.cdn.ip,/central.cdn.ip:8087/cat/3/a/0/live/smil:102.smil/102/102high/chunklist_1080065.ts,.ts,chunk,1080065,200,OK,central2.cdn.ip,30082,central2.cdn.ip:30082,video/MP2T,1098672,video/mp2t,1098672,base64,1098823,151,431,676,,0,91,585,1878329.9145299147,1,0,0,1
2026-03-06T11:09:45.336+00:00,http://central2.cdn.ip:30082/central.cdn.ip:8087/cat/3/a/0/live/smil:102.smil/102/102high/chunklist.m3u8?bcod=8bf7437b-457a-3a66-94ea-3ec5a50fc74f,central2.cdn.ip,/central.cdn.ip:8087/cat/3/a/0/live/smil:102.smil/102/102high/chunklist.m3u8,.m3u8,manifest,,200,OK,central2.cdn.ip,30082,central2.cdn.ip:30082,application/x-mpegURL,2610,application/x-mpegurl,2610,,2769,159,425,87,,0,87,0,,1,0,0,1
2026-03-06T11:09:45.434+00:00,http://central2.cdn.ip:30082/central.cdn.ip:8087/cat/3/a/0/live/smil:102.smil/102/102high/chunklist_1080066.ts?bcod=8bf7437b-457a-3a66-94ea-3ec5a50fc74f,central2.cdn.ip,/central.cdn.ip:8087/cat/3/a/0/live/smil:102.smil/102/102high/chunklist_1080066.ts,.ts,chunk,1080066,200,OK,central2.cdn.ip,30082,central2.cdn.ip:30082,video/MP2T,1204704,video/mp2t,1204704,base64,1204855,151,431,777,0,0,96,681,1769243.7591776797,1,0,0,1
2026-03-06T11:09:51.338+00:00,http://central2.cdn.ip:30082/central.cdn.ip:8087/cat/3/a/0/live/smil:102.smil/102/102high/chunklist.m3u8?bcod=8bf7437b-457a-3a66-94ea-3ec5a50fc74f,central2.cdn.ip,/central.cdn.ip:8087/cat/3/a/0/live/smil:102.smil/102/102high/chunklist.m3u8,.m3u8,manifest,,200,OK,central2.cdn.ip,30082,central2.cdn.ip:30082,application/x-mpegURL,2610,application/x-mpegurl,2610,,2769,159,425,84,,0,84,0,,1,0,0,1
2026-03-06T11:09:51.450+00:00,http://central2.cdn.ip:30082/central.cdn.ip:8087/cat/3/a/0/live/smil:102.smil/102/102high/chunklist_1080067.ts?bcod=8bf7437b-457a-3a66-94ea-3ec5a50fc74f,central2.cdn.ip,/central.cdn.ip:8087/cat/3/a/0/live/smil:102.smil/102/102high/chunklist_1080067.ts,.ts,chunk,1080067,200,OK,central2.cdn.ip,30082,central2.cdn.ip:30082,video/MP2T,1131948,video/mp2t,1131948,base64,1132099,151,431,721,,0,101,620,1825966.1290322582,1,0,0,1
2026-03-06T11:09:57.341+00:00,http://central2.cdn.ip:30082/central.cdn.ip:8087/cat/3/a/0/live/smil:102.smil/102/102high/chunklist.m3u8?bcod=8bf7437b-457a-3a66-94ea-3ec5a50fc74f,central2.cdn.ip,/central.cdn.ip:8087/cat/3/a/0/live/smil:102.smil/102/102high/chunklist.m3u8,.m3u8,manifest,,200,OK,central2.cdn.ip,30082,central2.cdn.ip:30082,application/x-mpegURL,2610,application/x-mpegurl,2610,,2769,159,425,87,,0,87,0,,1,0,0,1
2026-03-06T11:09:57.454+00:00,http://central2.cdn.ip:30082/central.cdn.ip:8087/cat/3/a/0/live/smil:102.smil/102/102high/chunklist_1080068.ts?bcod=8bf7437b-457a-3a66-94ea-3ec5a50fc74f,central2.cdn.ip,/central.cdn.ip:8087/cat/3/a/0/live/smil:102.smil/102/102high/chunklist_1080068.ts,.ts,chunk,1080068,200,OK,central2.cdn.ip,30082,central2.cdn.ip:30082,video/MP2T,1166352,video/mp2t,1166352,base64,1166503,151,431,778,,0,93,685,1702924.0875912406,1,0,0,1
2026-03-06T11:10:03.340+00:00,http://central2.cdn.ip:30082/central.cdn.ip:8087/cat/3/a/0/live/smil:102.smil/102/102high/chunklist.m3u8?bcod=8bf7437b-457a-3a66-94ea-3ec5a50fc74f,central2.cdn.ip,/central.cdn.ip:8087/cat/3/a/0/live/smil:102.smil/102/102high/chunklist.m3u8,.m3u8,manifest,,200,OK,central2.cdn.ip,30082,central2.cdn.ip:30082,application/x-mpegURL,2610,application/x-mpegurl,2610,,2769,159,425,86,,0,86,0,,1,0,0,1
2026-03-06T11:10:03.450+00:00,http://central2.cdn.ip:30082/central.cdn.ip:8087/cat/3/a/0/live/smil:102.smil/102/102high/chunklist_1080069.ts?bcod=8bf7437b-457a-3a66-94ea-3ec5a50fc74f,central2.cdn.ip,/central.cdn.ip:8087/cat/3/a/0/live/smil:102.smil/102/102high/chunklist_1080069.ts,.ts,chunk,1080069,200,OK,central2.cdn.ip,30082,central2.cdn.ip:30082,video/MP2T,1163532,video/mp2t,1163532,base64,1163683,151,431,687,,0,92,595,1955769.7478991598,1,0,0,1
2026-03-06T11:10:14.040+00:00,http://central.cdn.ip/getStreamer/live/120?bcod=8bf7437b-457a-3a66-94ea-3ec5a50fc74f,central.cdn.ip,/getStreamer/live/120,,other,,200,OK,central.cdn.ip,80,central.cdn.ip,text/plain,69,text/plain,49,,447,378,423,251,76,81,94,0,,1,0,0,0
2026-03-06T11:10:14.044+00:00,http://central2.cdn.ip:30082/central.cdn.ip:8087/cat/3/a/0/live/smil:102.smil/102/102high/chunklist.m3u8?bcod=8bf7437b-457a-3a66-94ea-3ec5a50fc74f,central2.cdn.ip,/central.cdn.ip:8087/cat/3/a/0/live/smil:102.smil/102/102high/chunklist.m3u8,.m3u8,manifest,,200,OK,central2.cdn.ip,30082,central2.cdn.ip:30082,application/x-mpegURL,2610,application/x-mpegurl,2610,,2769,159,425,89,,0,89,0,,1,0,0,1
2026-03-06T11:10:14.300+00:00,http://central.cdn.local.ip:30080/central.cdn.ip:8087/cat/3/a/0/live/smil:120.smil/playlist.m3u8?DVR=true&bcod=8bf7437b-457a-3a66-94ea-3ec5a50fc74f,central.cdn.local.ip,/central.cdn.ip:8087/cat/3/a/0/live/smil:120.smil/playlist.m3u8,.m3u8,manifest,,0,,,,central.cdn.local.ip:30080,,,,0,base64,0,0,433,0,,0,0,0,,0,0,0,1
2026-03-06T11:11:16.917+00:00,http://central.cdn.ip/getStreamer/live/120?bcod=8bf7437b-457a-3a66-94ea-3ec5a50fc74f,central.cdn.ip,/getStreamer/live/120,,other,,200,OK,central.cdn.ip,80,central.cdn.ip,text/plain,67,text/plain,45,,445,378,423,263,82,82,96,0,,1,0,0,0
2026-03-06T11:11:17.308+00:00,http://edge.cdn.local.ip:30080/central.cdn.ip:8087/cat/3/a/0/live/smil:120.smil/playlist.m3u8?DVR=true&bcod=8bf7437b-457a-3a66-94ea-3ec5a50fc74f,edge.cdn.local.ip,/central.cdn.ip:8087/cat/3/a/0/live/smil:120.smil/playlist.m3u8,.m3u8,manifest,,400,Bad Request,edge.cdn.local.ip,30080,edge.cdn.local.ip:30080,text/plain; charset=UTF-8,,text/plain; charset=UTF-8,26,,146,120,429,10983,,0,349,10634,13.7295467368817,0,0,1,1
2026-03-06T11:11:34.251+00:00,http://central.cdn.ip/getStreamer/live/115?bcod=8bf7437b-457a-3a66-94ea-3ec5a50fc74f,central.cdn.ip,/getStreamer/live/115,,other,,200,OK,central.cdn.ip,80,central.cdn.ip,text/plain,58,text/plain,51,,436,378,423,252,81,82,89,0,,1,0,0,0
2026-03-06T11:11:34.500+00:00,http://central.cdn.ip:8087/central.cdn.ip:8087/cat/3/a/0/live/smil:115.smil/playlist.m3u8?DVR=true&bcod=8bf7437b-457a-3a66-94ea-3ec5a50fc74f,central.cdn.ip,/central.cdn.ip:8087/cat/3/a/0/live/smil:115.smil/playlist.m3u8,.m3u8,manifest,,400,Bad Request,central.cdn.ip,8087,central.cdn.ip:8087,text/plain; charset=UTF-8,,text/plain; charset=UTF-8,26,,146,120,435,237,72,82,83,0,,0,0,1,1
2026-03-06T11:11:56.827+00:00,http://central.cdn.ip/getStreamer/live/102?bcod=8bf7437b-457a-3a66-94ea-3ec5a50fc74f,central.cdn.ip,/getStreamer/live/102,,other,,200,OK,central.cdn.ip,80,central.cdn.ip,text/plain,69,text/plain,52,,447,378,423,261,81,82,98,0,,1,0,0,0
2026-03-06T11:11:57.055+00:00,http://central2.cdn.ip:30082/central.cdn.ip:8087/cat/3/a/0/live/smil:102.smil/playlist.m3u8?DVR=true&bcod=8bf7437b-457a-3a66-94ea-3ec5a50fc74f,central2.cdn.ip,/central.cdn.ip:8087/cat/3/a/0/live/smil:102.smil/playlist.m3u8,.m3u8,manifest,,200,OK,central2.cdn.ip,30082,central2.cdn.ip:30082,application/x-mpegURL,143,application/x-mpegurl,143,,301,158,436,238,68,82,88,0,,1,0,0,1
2026-03-06T11:11:58.206+00:00,http://central2.cdn.ip:30082/central.cdn.ip:8087/cat/3/a/0/live/smil:102.smil/102/102high/chunklist.m3u8?bcod=8bf7437b-457a-3a66-94ea-3ec5a50fc74f,central2.cdn.ip,/central.cdn.ip:8087/cat/3/a/0/live/smil:102.smil/102/102high/chunklist.m3u8,.m3u8,manifest,,200,OK,central2.cdn.ip,30082,central2.cdn.ip:30082,application/x-mpegURL,2610,application/x-mpegurl,2610,,2769,159,425,86,2,0,84,0,,1,0,0,1
2026-03-06T11:11:58.370+00:00,http://central2.cdn.ip:30082/central.cdn.ip:8087/cat/3/a/0/live/smil:102.smil/102/102high/chunklist_1080087.ts?bcod=8bf7437b-457a-3a66-94ea-3ec5a50fc74f,central2.cdn.ip,/central.cdn.ip:8087/cat/3/a/0/live/smil:102.smil/102/102high/chunklist_1080087.ts,.ts,chunk,1080087,200,OK,central2.cdn.ip,30082,central2.cdn.ip:30082,video/MP2T,1284604,video/mp2t,1284604,base64,1284755,151,431,616,,0,92,524,2451822.5190839693,1,0,0,1
2026-03-06T11:11:59.334+00:00,http://central2.cdn.ip:30082/central.cdn.ip:8087/cat/3/a/0/live/smil:102.smil/102/102high/chunklist_1080088.ts?bcod=8bf7437b-457a-3a66-94ea-3ec5a50fc74f,central2.cdn.ip,/central.cdn.ip:8087/cat/3/a/0/live/smil:102.smil/102/102high/chunklist_1080088.ts,.ts,chunk,1080088,200,OK,central2.cdn.ip,30082,central2.cdn.ip:30082,video/MP2T,1102620,video/mp2t,1102620,base64,1102771,151,431,1090,0,0,92,998,1104980.9619238477,1,0,0,1
2026-03-06T11:12:00.849+00:00,http://central2.cdn.ip:30082/central.cdn.ip:8087/cat/3/a/0/live/smil:102.smil/102/102high/chunklist_1080089.ts?bcod=8bf7437b-457a-3a66-94ea-3ec5a50fc74f,central2.cdn.ip,/central.cdn.ip:8087/cat/3/a/0/live/smil:102.smil/102/102high/chunklist_1080089.ts,.ts,chunk,1080089,200,OK,central2.cdn.ip,30082,central2.cdn.ip:30082,video/MP2T,1154884,video/mp2t,1154884,base64,1155035,151,431,373,,0,92,281,4110444.839857651,1,0,0,1
2026-03-06T11:12:03.245+00:00,http://central2.cdn.ip:30082/central.cdn.ip:8087/cat/3/a/0/live/smil:102.smil/102/102high/chunklist.m3u8?bcod=8bf7437b-457a-3a66-94ea-3ec5a50fc74f,central2.cdn.ip,/central.cdn.ip:8087/cat/3/a/0/live/smil:102.smil/102/102high/chunklist.m3u8,.m3u8,manifest,,200,OK,central2.cdn.ip,30082,central2.cdn.ip:30082,application/x-mpegURL,2610,application/x-mpegurl,2610,,2769,159,425,86,,0,86,0,,1,0,0,1
2026-03-06T11:12:06.241+00:00,http://central2.cdn.ip:30082/central.cdn.ip:8087/cat/3/a/0/live/smil:102.smil/102/102high/chunklist.m3u8?bcod=8bf7437b-457a-3a66-94ea-3ec5a50fc74f,central2.cdn.ip,/central.cdn.ip:8087/cat/3/a/0/live/smil:102.smil/102/102high/chunklist.m3u8,.m3u8,manifest,,200,OK,central2.cdn.ip,30082,central2.cdn.ip:30082,application/x-mpegURL,2610,application/x-mpegurl,2610,,2769,159,425,84,,0,84,0,,1,0,0,1
2026-03-06T11:12:06.340+00:00,http://central2.cdn.ip:30082/central.cdn.ip:8087/cat/3/a/0/live/smil:102.smil/102/102high/chunklist_1080090.ts?bcod=8bf7437b-457a-3a66-94ea-3ec5a50fc74f,central2.cdn.ip,/central.cdn.ip:8087/cat/3/a/0/live/smil:102.smil/102/102high/chunklist_1080090.ts,.ts,chunk,1080090,200,OK,central2.cdn.ip,30082,central2.cdn.ip:30082,video/MP2T,1169924,video/mp2t,1169924,base64,1170075,151,431,604,,0,89,515,2271990.291262136,1,0,0,1
2026-03-06T11:12:12.240+00:00,http://central2.cdn.ip:30082/central.cdn.ip:8087/cat/3/a/0/live/smil:102.smil/102/102high/chunklist.m3u8?bcod=8bf7437b-457a-3a66-94ea-3ec5a50fc74f,central2.cdn.ip,/central.cdn.ip:8087/cat/3/a/0/live/smil:102.smil/102/102high/chunklist.m3u8,.m3u8,manifest,,200,OK,central2.cdn.ip,30082,central2.cdn.ip:30082,application/x-mpegURL,2610,application/x-mpegurl,2610,,2769,159,425,85,0,0,85,0,,1,0,0,1
2026-03-06T11:12:12.536+00:00,http://central2.cdn.ip:30082/central.cdn.ip:8087/cat/3/a/0/live/smil:102.smil/102/102high/chunklist_1080091.ts?bcod=8bf7437b-457a-3a66-94ea-3ec5a50fc74f,central2.cdn.ip,/central.cdn.ip:8087/cat/3/a/0/live/smil:102.smil/102/102high/chunklist_1080091.ts,.ts,chunk,1080091,200,OK,central2.cdn.ip,30082,central2.cdn.ip:30082,video/MP2T,1222752,video/mp2t,1222752,base64,1222903,151,431,1753,,0,90,1663,735359.5911004209,1,0,0,1
2026-03-06T11:12:18.248+00:00,http://central2.cdn.ip:30082/central.cdn.ip:8087/cat/3/a/0/live/smil:102.smil/102/102high/chunklist.m3u8?bcod=8bf7437b-457a-3a66-94ea-3ec5a50fc74f,central2.cdn.ip,/central.cdn.ip:8087/cat/3/a/0/live/smil:102.smil/102/102high/chunklist.m3u8,.m3u8,manifest,,200,OK,central2.cdn.ip,30082,central2.cdn.ip:30082,application/x-mpegURL,2610,application/x-mpegurl,2610,,2769,159,425,87,,0,87,0,,1,0,0,1
2026-03-06T11:12:18.346+00:00,http://central2.cdn.ip:30082/central.cdn.ip:8087/cat/3/a/0/live/smil:102.smil/102/102high/chunklist_1080092.ts?bcod=8bf7437b-457a-3a66-94ea-3ec5a50fc74f,central2.cdn.ip,/central.cdn.ip:8087/cat/3/a/0/live/smil:102.smil/102/102high/chunklist_1080092.ts,.ts,chunk,1080092,200,OK,central2.cdn.ip,30082,central2.cdn.ip:30082,video/MP2T,1077240,video/mp2t,1077240,base64,1077391,151,431,595,0,0,89,506,2129231.225296443,1,0,0,1
2026-03-06T11:12:24.255+00:00,http://central2.cdn.ip:30082/central.cdn.ip:8087/cat/3/a/0/live/smil:102.smil/102/102high/chunklist.m3u8?bcod=8bf7437b-457a-3a66-94ea-3ec5a50fc74f,central2.cdn.ip,/central.cdn.ip:8087/cat/3/a/0/live/smil:102.smil/102/102high/chunklist.m3u8,.m3u8,manifest,,200,OK,central2.cdn.ip,30082,central2.cdn.ip:30082,application/x-mpegURL,2610,application/x-mpegurl,2610,,2769,159,425,86,,0,86,0,,1,0,0,1
2026-03-06T11:12:24.373+00:00,http://central2.cdn.ip:30082/central.cdn.ip:8087/cat/3/a/0/live/smil:102.smil/102/102high/chunklist_1080093.ts?bcod=8bf7437b-457a-3a66-94ea-3ec5a50fc74f,central2.cdn.ip,/central.cdn.ip:8087/cat/3/a/0/live/smil:102.smil/102/102high/chunklist_1080093.ts,.ts,chunk,1080093,200,OK,central2.cdn.ip,30082,central2.cdn.ip:30082,video/MP2T,1257344,video/mp2t,1257344,base64,1257495,151,431,3787,0,0,92,3695,340323.4100135318,1,0,0,1
2026-03-06T11:12:30.263+00:00,http://central2.cdn.ip:30082/central.cdn.ip:8087/cat/3/a/0/live/smil:102.smil/102/102high/chunklist.m3u8?bcod=8bf7437b-457a-3a66-94ea-3ec5a50fc74f,central2.cdn.ip,/central.cdn.ip:8087/cat/3/a/0/live/smil:102.smil/102/102high/chunklist.m3u8,.m3u8,manifest,,200,OK,central2.cdn.ip,30082,central2.cdn.ip:30082,application/x-mpegURL,2610,application/x-mpegurl,2610,,2769,159,425,86,,0,86,0,,1,0,0,1
2026-03-06T11:12:30.369+00:00,http://central2.cdn.ip:30082/central.cdn.ip:8087/cat/3/a/0/live/smil:102.smil/102/102high/chunklist_1080094.ts?bcod=8bf7437b-457a-3a66-94ea-3ec5a50fc74f,central2.cdn.ip,/central.cdn.ip:8087/cat/3/a/0/live/smil:102.smil/102/102high/chunklist_1080094.ts,.ts,chunk,1080094,200,OK,central2.cdn.ip,30082,central2.cdn.ip:30082,video/MP2T,1118600,video/mp2t,1118600,base64,1118751,151,431,460,0,0,92,368,3040084.239130435,1,0,0,1
2026-03-06T11:12:36.270+00:00,http://central2.cdn.ip:30082/central.cdn.ip:8087/cat/3/a/0/live/smil:102.smil/102/102high/chunklist.m3u8?bcod=8bf7437b-457a-3a66-94ea-3ec5a50fc74f,central2.cdn.ip,/central.cdn.ip:8087/cat/3/a/0/live/smil:102.smil/102/102high/chunklist.m3u8,.m3u8,manifest,,200,OK,central2.cdn.ip,30082,central2.cdn.ip:30082,application/x-mpegURL,2610,application/x-mpegurl,2610,,2769,159,425,86,,0,86,0,,1,0,0,1
2026-03-06T11:12:36.414+00:00,http://central2.cdn.ip:30082/central.cdn.ip:8087/cat/3/a/0/live/smil:102.smil/102/102high/chunklist_1080095.ts?bcod=8bf7437b-457a-3a66-94ea-3ec5a50fc74f,central2.cdn.ip,/central.cdn.ip:8087/cat/3/a/0/live/smil:102.smil/102/102high/chunklist_1080095.ts,.ts,chunk,1080095,200,OK,central2.cdn.ip,30082,central2.cdn.ip:30082,video/MP2T,1171240,video/mp2t,1171240,base64,1171391,151,431,808,0,0,91,717,1633739.1910739192,1,0,0,1
2026-03-06T11:12:42.272+00:00,http://central2.cdn.ip:30082/central.cdn.ip:8087/cat/3/a/0/live/smil:102.smil/102/102high/chunklist.m3u8?bcod=8bf7437b-457a-3a66-94ea-3ec5a50fc74f,central2.cdn.ip,/central.cdn.ip:8087/cat/3/a/0/live/smil:102.smil/102/102high/chunklist.m3u8,.m3u8,manifest,,200,OK,central2.cdn.ip,30082,central2.cdn.ip:30082,application/x-mpegURL,2610,application/x-mpegurl,2610,,2769,159,425,86,,0,86,0,,1,0,0,1
2026-03-06T11:12:42.376+00:00,http://central2.cdn.ip:30082/central.cdn.ip:8087/cat/3/a/0/live/smil:102.smil/102/102high/chunklist_1080096.ts?bcod=8bf7437b-457a-3a66-94ea-3ec5a50fc74f,central2.cdn.ip,/central.cdn.ip:8087/cat/3/a/0/live/smil:102.smil/102/102high/chunklist_1080096.ts,.ts,chunk,1080096,200,OK,central2.cdn.ip,30082,central2.cdn.ip:30082,video/MP2T,1132324,video/mp2t,1132324,base64,1132475,151,431,606,0,0,87,519,2182032.7552986513,1,0,0,1
2026-03-06T11:12:48.270+00:00,http://central2.cdn.ip:30082/central.cdn.ip:8087/cat/3/a/0/live/smil:102.smil/102/102high/chunklist.m3u8?bcod=8bf7437b-457a-3a66-94ea-3ec5a50fc74f,central2.cdn.ip,/central.cdn.ip:8087/cat/3/a/0/live/smil:102.smil/102/102high/chunklist.m3u8,.m3u8,manifest,,200,OK,central2.cdn.ip,30082,central2.cdn.ip:30082,application/x-mpegURL,2610,application/x-mpegurl,2610,,2769,159,425,87,,0,87,0,,1,0,0,1
2026-03-06T11:12:48.388+00:00,http://central2.cdn.ip:30082/central.cdn.ip:8087/cat/3/a/0/live/smil:102.smil/102/102high/chunklist_1080097.ts?bcod=8bf7437b-457a-3a66-94ea-3ec5a50fc74f,central2.cdn.ip,/central.cdn.ip:8087/cat/3/a/0/live/smil:102.smil/102/102high/chunklist_1080097.ts,.ts,chunk,1080097,200,OK,central2.cdn.ip,30082,central2.cdn.ip:30082,video/MP2T,1185716,video/mp2t,1185716,base64,1185867,151,431,615,,0,92,523,2267432.122370937,1,0,0,1
2026-03-06T11:12:54.270+00:00,http://central2.cdn.ip:30082/central.cdn.ip:8087/cat/3/a/0/live/smil:102.smil/102/102high/chunklist.m3u8?bcod=8bf7437b-457a-3a66-94ea-3ec5a50fc74f,central2.cdn.ip,/central.cdn.ip:8087/cat/3/a/0/live/smil:102.smil/102/102high/chunklist.m3u8,.m3u8,manifest,,200,OK,central2.cdn.ip,30082,central2.cdn.ip:30082,application/x-mpegURL,2610,application/x-mpegurl,2610,,2769,159,425,86,,0,86,0,,1,0,0,1
2026-03-06T11:12:54.384+00:00,http://central2.cdn.ip:30082/central.cdn.ip:8087/cat/3/a/0/live/smil:102.smil/102/102high/chunklist_1080098.ts?bcod=8bf7437b-457a-3a66-94ea-3ec5a50fc74f,central2.cdn.ip,/central.cdn.ip:8087/cat/3/a/0/live/smil:102.smil/102/102high/chunklist_1080098.ts,.ts,chunk,1080098,200,OK,central2.cdn.ip,30082,central2.cdn.ip:30082,video/MP2T,1189852,video/mp2t,1189852,base64,1190003,151,431,651,0,0,89,562,2117443.0604982204,1,0,0,1
2026-03-06T11:13:00.271+00:00,http://central2.cdn.ip:30082/central.cdn.ip:8087/cat/3/a/0/live/smil:102.smil/102/102high/chunklist.m3u8?bcod=8bf7437b-457a-3a66-94ea-3ec5a50fc74f,central2.cdn.ip,/central.cdn.ip:8087/cat/3/a/0/live/smil:102.smil/102/102high/chunklist.m3u8,.m3u8,manifest,,200,OK,central2.cdn.ip,30082,central2.cdn.ip:30082,application/x-mpegURL,2610,application/x-mpegurl,2610,,2769,159,425,86,,0,86,0,,1,0,0,1
2026-03-06T11:13:00.507+00:00,http://central2.cdn.ip:30082/central.cdn.ip:8087/cat/3/a/0/live/smil:102.smil/102/102high/chunklist_1080099.ts?bcod=8bf7437b-457a-3a66-94ea-3ec5a50fc74f,central2.cdn.ip,/central.cdn.ip:8087/cat/3/a/0/live/smil:102.smil/102/102high/chunklist_1080099.ts,.ts,chunk,1080099,200,OK,central2.cdn.ip,30082,central2.cdn.ip:30082,video/MP2T,1155824,video/mp2t,1155824,base64,1155975,151,431,702,,0,91,611,1891939.4435351882,1,0,0,1
2026-03-06T11:13:06.438+00:00,http://central2.cdn.ip:30082/central.cdn.ip:8087/cat/3/a/0/live/smil:102.smil/102/102high/chunklist.m3u8?bcod=8bf7437b-457a-3a66-94ea-3ec5a50fc74f,central2.cdn.ip,/central.cdn.ip:8087/cat/3/a/0/live/smil:102.smil/102/102high/chunklist.m3u8,.m3u8,manifest,,200,OK,central2.cdn.ip,30082,central2.cdn.ip:30082,application/x-mpegURL,2610,application/x-mpegurl,2610,,2769,159,425,86,,0,86,0,,1,0,0,1
2026-03-06T11:13:06.540+00:00,http://central2.cdn.ip:30082/central.cdn.ip:8087/cat/3/a/0/live/smil:102.smil/102/102high/chunklist_1080100.ts?bcod=8bf7437b-457a-3a66-94ea-3ec5a50fc74f,central2.cdn.ip,/central.cdn.ip:8087/cat/3/a/0/live/smil:102.smil/102/102high/chunklist_1080100.ts,.ts,chunk,1080100,200,OK,central2.cdn.ip,30082,central2.cdn.ip:30082,video/MP2T,1155260,video/mp2t,1155260,base64,1155411,151,431,4084,,0,92,3992,289431.6132264529,1,0,0,1
2026-03-06T11:13:13.120+00:00,http://central.cdn.ip/getStreamer/live/115?bcod=8bf7437b-457a-3a66-94ea-3ec5a50fc74f,central.cdn.ip,/getStreamer/live/115,,other,,200,OK,central.cdn.ip,80,central.cdn.ip,text/plain,69,text/plain,49,,447,378,423,247,71,81,95,0,,1,0,0,0
2026-03-06T11:13:13.336+00:00,http://central.cdn.local.ip:30080/central.cdn.ip:8087/cat/3/a/0/live/smil:115.smil/playlist.m3u8?DVR=true&bcod=8bf7437b-457a-3a66-94ea-3ec5a50fc74f,central.cdn.local.ip,/central.cdn.ip:8087/cat/3/a/0/live/smil:115.smil/playlist.m3u8,.m3u8,manifest,,0,,,,central.cdn.local.ip:30080,,,,0,base64,0,0,433,0,,0,0,0,,0,0,0,1
2026-03-06T11:14:04.571+00:00,http://central.cdn.ip/getStreamer/live/120?bcod=8bf7437b-457a-3a66-94ea-3ec5a50fc74f,central.cdn.ip,/getStreamer/live/120,,other,,200,OK,central.cdn.ip,80,central.cdn.ip,text/plain,67,text/plain,45,,445,378,423,244,70,82,92,0,,1,0,0,0
2026-03-06T11:14:04.927+00:00,http://edge.cdn.local.ip:30080/central.cdn.ip:8087/cat/3/a/0/live/smil:120.smil/playlist.m3u8?DVR=true&bcod=8bf7437b-457a-3a66-94ea-3ec5a50fc74f,edge.cdn.local.ip,/central.cdn.ip:8087/cat/3/a/0/live/smil:120.smil/playlist.m3u8,.m3u8,manifest,,400,Bad Request,edge.cdn.local.ip,30080,edge.cdn.local.ip:30080,text/plain; charset=UTF-8,,text/plain; charset=UTF-8,26,,146,120,429,10415,,0,346,10069,14.499950342635811,0,0,1,1
2026-03-06T11:14:27.020+00:00,http://central.cdn.ip/getStreamer/live/120?bcod=8bf7437b-457a-3a66-94ea-3ec5a50fc74f,central.cdn.ip,/getStreamer/live/120,,other,,200,OK,central.cdn.ip,80,central.cdn.ip,text/plain,58,text/plain,51,,436,378,423,257,79,82,96,0,,1,0,0,0
2026-03-06T11:14:27.155+00:00,http://central.cdn.ip/assets/iPhone/images/logos/115.png,central.cdn.ip,/assets/iPhone/images/logos/115.png,.png,other,,200,OK,,,central.cdn.ip,,,image/png,8320,,0,0,0,0,,,,,,1,0,0,0
2026-03-06T11:14:27.319+00:00,http://central.cdn.ip:8087/central.cdn.ip:8087/cat/3/a/0/live/smil:120.smil/playlist.m3u8?DVR=true&bcod=8bf7437b-457a-3a66-94ea-3ec5a50fc74f,central.cdn.ip,/central.cdn.ip:8087/cat/3/a/0/live/smil:120.smil/playlist.m3u8,.m3u8,manifest,,400,Bad Request,central.cdn.ip,8087,central.cdn.ip:8087,text/plain; charset=UTF-8,,text/plain; charset=UTF-8,26,,146,120,435,165,,82,83,0,,0,0,1,1
2026-03-06T11:14:27.449+00:00,http://central.cdn.ip/roviImage/?title=38025508,central.cdn.ip,/roviImage/,,other,,200,OK,central.cdn.ip,80,central.cdn.ip,text/plain,,text/plain,52521,,52648,321,455,339,,82,93,164,321024.39024390245,1,0,0,0
2026-03-06T11:16:11.499+00:00,http://central.cdn.ip/getStreamer/live/120?bcod=8bf7437b-457a-3a66-94ea-3ec5a50fc74f,central.cdn.ip,/getStreamer/live/120,,other,,200,OK,central.cdn.ip,80,central.cdn.ip,text/plain,69,text/plain,52,,447,378,423,91,,0,91,0,,1,0,0,0
2026-03-06T11:16:11.691+00:00,http://central2.cdn.ip:30082/central.cdn.ip:8087/cat/3/a/0/live/smil:120.smil/playlist.m3u8?DVR=true&bcod=8bf7437b-457a-3a66-94ea-3ec5a50fc74f,central2.cdn.ip,/central.cdn.ip:8087/cat/3/a/0/live/smil:120.smil/playlist.m3u8,.m3u8,manifest,,400,Bad Request,central2.cdn.ip,30082,central2.cdn.ip:30082,text/plain; charset=UTF-8,,text/plain; charset=UTF-8,26,,146,120,436,11308,37,82,87,11102,13.150783642586921,0,0,1,1
2026-03-06T11:16:35.252+00:00,http://central.cdn.ip/getStreamer/live/102?bcod=8bf7437b-457a-3a66-94ea-3ec5a50fc74f,central.cdn.ip,/getStreamer/live/102,,other,,200,OK,central.cdn.ip,80,central.cdn.ip,text/plain,69,text/plain,49,,447,378,423,252,80,81,91,0,,1,0,0,0
2026-03-06T11:16:35.472+00:00,http://central.cdn.local.ip:30080/central.cdn.ip:8087/cat/3/a/0/live/smil:102.smil/playlist.m3u8?DVR=true&bcod=8bf7437b-457a-3a66-94ea-3ec5a50fc74f,central.cdn.local.ip,/central.cdn.ip:8087/cat/3/a/0/live/smil:102.smil/playlist.m3u8,.m3u8,manifest,,0,,,,central.cdn.local.ip:30080,,,,0,base64,0,0,433,0,,0,0,0,,0,0,0,1
2026-03-06T11:17:26.787+00:00,http://central.cdn.ip/getStreamer/live/102?bcod=8bf7437b-457a-3a66-94ea-3ec5a50fc74f,central.cdn.ip,/getStreamer/live/102,,other,,200,OK,central.cdn.ip,80,central.cdn.ip,text/plain,67,text/plain,45,,445,378,423,260,82,81,94,0,,1,0,0,0
2026-03-06T11:17:27.030+00:00,http://edge.cdn.local.ip:30080/central.cdn.ip:8087/cat/3/a/0/live/smil:102.smil/playlist.m3u8?DVR=true&bcod=8bf7437b-457a-3a66-94ea-3ec5a50fc74f,edge.cdn.local.ip,/central.cdn.ip:8087/cat/3/a/0/live/smil:102.smil/playlist.m3u8,.m3u8,manifest,,200,OK,edge.cdn.local.ip,30080,edge.cdn.local.ip:30080,application/x-mpegURL,143,application/x-mpegurl,143,,301,158,429,173,,0,173,0,,1,0,0,1
2026-03-06T11:17:28.280+00:00,http://edge.cdn.local.ip:30080/central.cdn.ip:8087/cat/3/a/0/live/smil:102.smil/102/102high/chunklist.m3u8?bcod=8bf7437b-457a-3a66-94ea-3ec5a50fc74f,edge.cdn.local.ip,/central.cdn.ip:8087/cat/3/a/0/live/smil:102.smil/102/102high/chunklist.m3u8,.m3u8,manifest,,200,OK,edge.cdn.local.ip,30080,edge.cdn.local.ip:30080,application/x-mpegURL,2610,application/x-mpegurl,2610,,2769,159,418,85,0,0,85,0,,1,0,0,1
2026-03-06T11:17:28.420+00:00,http://edge.cdn.local.ip:30080/central.cdn.ip:8087/cat/3/a/0/live/smil:102.smil/102/102high/chunklist_1080142.ts?bcod=8bf7437b-457a-3a66-94ea-3ec5a50fc74f,edge.cdn.local.ip,/central.cdn.ip:8087/cat/3/a/0/live/smil:102.smil/102/102high/chunklist_1080142.ts,.ts,chunk,1080142,200,OK,edge.cdn.local.ip,30080,edge.cdn.local.ip:30080,video/MP2T,1205456,video/mp2t,1205456,base64,1205607,151,424,610,1,0,604,5,241121400.0,1,0,0,1
2026-03-06T11:17:29.178+00:00,http://edge.cdn.local.ip:30080/central.cdn.ip:8087/cat/3/a/0/live/smil:102.smil/102/102high/chunklist_1080143.ts?bcod=8bf7437b-457a-3a66-94ea-3ec5a50fc74f,edge.cdn.local.ip,/central.cdn.ip:8087/cat/3/a/0/live/smil:102.smil/102/102high/chunklist_1080143.ts,.ts,chunk,1080143,200,OK,edge.cdn.local.ip,30080,edge.cdn.local.ip:30080,video/MP2T,1108448,video/mp2t,1108448,base64,1108599,151,424,679,0,0,675,4,277149750.0,1,0,0,1
2026-03-06T11:17:30.048+00:00,http://edge.cdn.local.ip:30080/central.cdn.ip:8087/cat/3/a/0/live/smil:102.smil/102/102high/chunklist_1080144.ts?bcod=8bf7437b-457a-3a66-94ea-3ec5a50fc74f,edge.cdn.local.ip,/central.cdn.ip:8087/cat/3/a/0/live/smil:102.smil/102/102high/chunklist_1080144.ts,.ts,chunk,1080144,200,OK,edge.cdn.local.ip,30080,edge.cdn.local.ip:30080,video/MP2T,1166540,video/mp2t,1166540,base64,1166691,151,424,684,,0,680,4,291672750.0,1,0,0,1
2026-03-06T11:17:34.277+00:00,http://edge.cdn.local.ip:30080/central.cdn.ip:8087/cat/3/a/0/live/smil:102.smil/102/102high/chunklist.m3u8?bcod=8bf7437b-457a-3a66-94ea-3ec5a50fc74f,edge.cdn.local.ip,/central.cdn.ip:8087/cat/3/a/0/live/smil:102.smil/102/102high/chunklist.m3u8,.m3u8,manifest,,200,OK,edge.cdn.local.ip,30080,edge.cdn.local.ip:30080,application/x-mpegURL,2610,application/x-mpegurl,2610,,2769,159,418,169,0,0,169,0,,1,0,0,1
2026-03-06T11:17:34.567+00:00,http://edge.cdn.local.ip:30080/central.cdn.ip:8087/cat/3/a/0/live/smil:102.smil/102/102high/chunklist_1080145.ts?bcod=8bf7437b-457a-3a66-94ea-3ec5a50fc74f,edge.cdn.local.ip,/central.cdn.ip:8087/cat/3/a/0/live/smil:102.smil/102/102high/chunklist_1080145.ts,.ts,chunk,1080145,200,OK,edge.cdn.local.ip,30080,edge.cdn.local.ip:30080,video/MP2T,1166916,video/mp2t,1166916,base64,1167067,151,424,935,,0,599,336,3473413.6904761903,1,0,0,1
2026-03-06T11:17:40.277+00:00,http://edge.cdn.local.ip:30080/central.cdn.ip:8087/cat/3/a/0/live/smil:102.smil/102/102high/chunklist.m3u8?bcod=8bf7437b-457a-3a66-94ea-3ec5a50fc74f,edge.cdn.local.ip,/central.cdn.ip:8087/cat/3/a/0/live/smil:102.smil/102/102high/chunklist.m3u8,.m3u8,manifest,,200,OK,edge.cdn.local.ip,30080,edge.cdn.local.ip:30080,application/x-mpegURL,2610,application/x-mpegurl,2610,,2769,159,418,169,1,0,168,0,,1,0,0,1
2026-03-06T11:17:43.279+00:00,http://edge.cdn.local.ip:30080/central.cdn.ip:8087/cat/3/a/0/live/smil:102.smil/102/102high/chunklist.m3u8?bcod=8bf7437b-457a-3a66-94ea-3ec5a50fc74f,edge.cdn.local.ip,/central.cdn.ip:8087/cat/3/a/0/live/smil:102.smil/102/102high/chunklist.m3u8,.m3u8,manifest,,200,OK,edge.cdn.local.ip,30080,edge.cdn.local.ip:30080,application/x-mpegURL,2610,application/x-mpegurl,2610,,2769,159,418,89,1,0,88,0,,1,0,0,1
2026-03-06T11:17:43.424+00:00,http://edge.cdn.local.ip:30080/central.cdn.ip:8087/cat/3/a/0/live/smil:102.smil/102/102high/chunklist_1080146.ts?bcod=8bf7437b-457a-3a66-94ea-3ec5a50fc74f,edge.cdn.local.ip,/central.cdn.ip:8087/cat/3/a/0/live/smil:102.smil/102/102high/chunklist_1080146.ts,.ts,chunk,1080146,200,OK,edge.cdn.local.ip,30080,edge.cdn.local.ip:30080,video/MP2T,1247192,video/mp2t,1247192,base64,1247343,151,424,733,0,0,607,126,9899547.61904762,1,0,0,1
2026-03-06T11:17:49.278+00:00,http://edge.cdn.local.ip:30080/central.cdn.ip:8087/cat/3/a/0/live/smil:102.smil/102/102high/chunklist.m3u8?bcod=8bf7437b-457a-3a66-94ea-3ec5a50fc74f,edge.cdn.local.ip,/central.cdn.ip:8087/cat/3/a/0/live/smil:102.smil/102/102high/chunklist.m3u8,.m3u8,manifest,,200,OK,edge.cdn.local.ip,30080,edge.cdn.local.ip:30080,application/x-mpegURL,2610,application/x-mpegurl,2610,,2769,159,418,169,1,0,168,0,,1,0,0,1
2026-03-06T11:17:49.593+00:00,http://edge.cdn.local.ip:30080/central.cdn.ip:8087/cat/3/a/0/live/smil:102.smil/102/102high/chunklist_1080147.ts?bcod=8bf7437b-457a-3a66-94ea-3ec5a50fc74f,edge.cdn.local.ip,/central.cdn.ip:8087/cat/3/a/0/live/smil:102.smil/102/102high/chunklist_1080147.ts,.ts,chunk,1080147,200,OK,edge.cdn.local.ip,30080,edge.cdn.local.ip:30080,video/MP2T,1100740,video/mp2t,1100740,base64,1100891,151,424,610,,0,591,19,57941631.57894737,1,0,0,1
2026-03-06T11:17:55.280+00:00,http://edge.cdn.local.ip:30080/central.cdn.ip:8087/cat/3/a/0/live/smil:102.smil/102/102high/chunklist.m3u8?bcod=8bf7437b-457a-3a66-94ea-3ec5a50fc74f,edge.cdn.local.ip,/central.cdn.ip:8087/cat/3/a/0/live/smil:102.smil/102/102high/chunklist.m3u8,.m3u8,manifest,,200,OK,edge.cdn.local.ip,30080,edge.cdn.local.ip:30080,application/x-mpegURL,2610,application/x-mpegurl,2610,,2769,159,418,168,1,0,167,0,,1,0,0,1
2026-03-06T11:17:55.550+00:00,http://edge.cdn.local.ip:30080/central.cdn.ip:8087/cat/3/a/0/live/smil:102.smil/102/102high/chunklist_1080148.ts?bcod=8bf7437b-457a-3a66-94ea-3ec5a50fc74f,edge.cdn.local.ip,/central.cdn.ip:8087/cat/3/a/0/live/smil:102.smil/102/102high/chunklist_1080148.ts,.ts,chunk,1080148,200,OK,edge.cdn.local.ip,30080,edge.cdn.local.ip:30080,video/MP2T,1170300,video/mp2t,1170300,base64,1170451,151,424,797,0,0,598,199,5881663.316582914,1,0,0,1
2026-03-06T11:18:01.281+00:00,http://edge.cdn.local.ip:30080/central.cdn.ip:8087/cat/3/a/0/live/smil:102.smil/102/102high/chunklist.m3u8?bcod=8bf7437b-457a-3a66-94ea-3ec5a50fc74f,edge.cdn.local.ip,/central.cdn.ip:8087/cat/3/a/0/live/smil:102.smil/102/102high/chunklist.m3u8,.m3u8,manifest,,200,OK,edge.cdn.local.ip,30080,edge.cdn.local.ip:30080,application/x-mpegURL,2610,application/x-mpegurl,2610,,2769,159,418,168,,0,168,0,,1,0,0,1
2026-03-06T11:18:01.696+00:00,http://edge.cdn.local.ip:30080/central.cdn.ip:8087/cat/3/a/0/live/smil:102.smil/102/102high/chunklist_1080149.ts?bcod=8bf7437b-457a-3a66-94ea-3ec5a50fc74f,edge.cdn.local.ip,/central.cdn.ip:8087/cat/3/a/0/live/smil:102.smil/102/102high/chunklist_1080149.ts,.ts,chunk,1080149,200,OK,edge.cdn.local.ip,30080,edge.cdn.local.ip:30080,video/MP2T,1166352,video/mp2t,1166352,base64,1166503,151,424,667,1,0,600,66,17674287.87878788,1,0,0,1
2026-03-06T11:18:07.284+00:00,http://edge.cdn.local.ip:30080/central.cdn.ip:8087/cat/3/a/0/live/smil:102.smil/102/102high/chunklist.m3u8?bcod=8bf7437b-457a-3a66-94ea-3ec5a50fc74f,edge.cdn.local.ip,/central.cdn.ip:8087/cat/3/a/0/live/smil:102.smil/102/102high/chunklist.m3u8,.m3u8,manifest,,200,OK,edge.cdn.local.ip,30080,edge.cdn.local.ip:30080,application/x-mpegURL,2610,application/x-mpegurl,2610,,2769,159,418,168,,0,168,0,,1,0,0,1
2026-03-06T11:18:07.572+00:00,http://edge.cdn.local.ip:30080/central.cdn.ip:8087/cat/3/a/0/live/smil:102.smil/102/102high/chunklist_1080150.ts?bcod=8bf7437b-457a-3a66-94ea-3ec5a50fc74f,edge.cdn.local.ip,/central.cdn.ip:8087/cat/3/a/0/live/smil:102.smil/102/102high/chunklist_1080150.ts,.ts,chunk,1080150,200,OK,edge.cdn.local.ip,30080,edge.cdn.local.ip:30080,video/MP2T,1171240,video/mp2t,1171240,base64,1171391,151,424,875,1,0,598,276,4244170.289855072,1,0,0,1
2026-03-06T11:18:13.869+00:00,http://edge.cdn.local.ip:30080/central.cdn.ip:8087/cat/3/a/0/live/smil:102.smil/102/102high/chunklist.m3u8?bcod=8bf7437b-457a-3a66-94ea-3ec5a50fc74f,edge.cdn.local.ip,/central.cdn.ip:8087/cat/3/a/0/live/smil:102.smil/102/102high/chunklist.m3u8,.m3u8,manifest,,200,OK,edge.cdn.local.ip,30080,edge.cdn.local.ip:30080,application/x-mpegURL,2610,application/x-mpegurl,2610,,2769,159,418,169,,0,169,0,,1,0,0,1
2026-03-06T11:18:13.874+00:00,http://central.cdn.ip/getStreamer/live/120?bcod=8bf7437b-457a-3a66-94ea-3ec5a50fc74f,central.cdn.ip,/getStreamer/live/120,,other,,200,OK,central.cdn.ip,80,central.cdn.ip,text/plain,58,text/plain,51,,436,378,423,259,82,84,93,0,,1,0,0,0
2026-03-06T11:18:14.212+00:00,http://central.cdn.ip:8087/central.cdn.ip:8087/cat/3/a/0/live/smil:120.smil/playlist.m3u8?DVR=true&bcod=8bf7437b-457a-3a66-94ea-3ec5a50fc74f,central.cdn.ip,/central.cdn.ip:8087/cat/3/a/0/live/smil:120.smil/playlist.m3u8,.m3u8,manifest,,400,Bad Request,central.cdn.ip,8087,central.cdn.ip:8087,text/plain; charset=UTF-8,,text/plain; charset=UTF-8,26,,146,120,435,247,82,81,82,0,,0,0,1,1
2026-03-06T11:19:50.204+00:00,http://central.cdn.ip/getStreamer/live/120?bcod=8bf7437b-457a-3a66-94ea-3ec5a50fc74f,central.cdn.ip,/getStreamer/live/120,,other,,200,OK,central.cdn.ip,80,central.cdn.ip,text/plain,69,text/plain,52,,447,378,423,252,79,81,92,0,,1,0,0,0
2026-03-06T11:19:50.413+00:00,http://central2.cdn.ip:30082/central.cdn.ip:8087/cat/3/a/0/live/smil:120.smil/playlist.m3u8?DVR=true&bcod=8bf7437b-457a-3a66-94ea-3ec5a50fc74f,central2.cdn.ip,/central.cdn.ip:8087/cat/3/a/0/live/smil:120.smil/playlist.m3u8,.m3u8,manifest,,400,Bad Request,central2.cdn.ip,30082,central2.cdn.ip:30082,text/plain; charset=UTF-8,,text/plain; charset=UTF-8,26,,146,120,436,10477,,81,87,10309,14.162382384324378,0,0,1,1
2026-03-06T11:20:16.145+00:00,http://central.cdn.ip/getStreamer/live/102?bcod=8bf7437b-457a-3a66-94ea-3ec5a50fc74f,central.cdn.ip,/getStreamer/live/102,,other,,200,OK,central.cdn.ip,80,central.cdn.ip,text/plain,69,text/plain,49,,447,378,423,258,80,81,94,0,,1,0,0,0
2026-03-06T11:20:16.379+00:00,http://central.cdn.local.ip:30080/central.cdn.ip:8087/cat/3/a/0/live/smil:102.smil/playlist.m3u8?DVR=true&bcod=8bf7437b-457a-3a66-94ea-3ec5a50fc74f,central.cdn.local.ip,/central.cdn.ip:8087/cat/3/a/0/live/smil:102.smil/playlist.m3u8,.m3u8,manifest,,0,,,,central.cdn.local.ip:30080,,,,0,base64,0,0,433,0,,0,0,0,,0,0,0,1
2026-03-06T11:20:37.488+00:00,http://central.cdn.ip/getStreamer/live/115?bcod=8bf7437b-457a-3a66-94ea-3ec5a50fc74f,central.cdn.ip,/getStreamer/live/115,,other,,200,OK,central.cdn.ip,80,central.cdn.ip,text/plain,67,text/plain,45,,445,378,423,253,80,81,89,0,,1,0,0,0
2026-03-06T11:20:37.735+00:00,http://edge.cdn.local.ip:30080/central.cdn.ip:8087/cat/3/a/0/live/smil:115.smil/playlist.m3u8?DVR=true&bcod=8bf7437b-457a-3a66-94ea-3ec5a50fc74f,edge.cdn.local.ip,/central.cdn.ip:8087/cat/3/a/0/live/smil:115.smil/playlist.m3u8,.m3u8,manifest,,400,Bad Request,edge.cdn.local.ip,30080,edge.cdn.local.ip:30080,text/plain; charset=UTF-8,,text/plain; charset=UTF-8,26,,146,120,429,11547,,0,339,11208,13.026409707351892,0,0,1,1
2026-03-06T11:21:08.623+00:00,http://central.cdn.ip/getStreamer/live/102?bcod=8bf7437b-457a-3a66-94ea-3ec5a50fc74f,central.cdn.ip,/getStreamer/live/102,,other,,200,OK,central.cdn.ip,80,central.cdn.ip,text/plain,58,text/plain,51,,436,378,423,262,80,81,98,0,,1,0,0,0
2026-03-06T11:21:08.849+00:00,http://central.cdn.ip:8087/central.cdn.ip:8087/cat/3/a/0/live/smil:102.smil/playlist.m3u8?DVR=true&bcod=8bf7437b-457a-3a66-94ea-3ec5a50fc74f,central.cdn.ip,/central.cdn.ip:8087/cat/3/a/0/live/smil:102.smil/playlist.m3u8,.m3u8,manifest,,200,OK,central.cdn.ip,8087,central.cdn.ip:8087,application/x-mpegURL,143,application/x-mpegurl,143,,298,155,435,228,66,81,81,0,,1,0,0,1
2026-03-06T11:21:09.046+00:00,http://central.cdn.ip:8087/central.cdn.ip:8087/cat/3/a/0/live/smil:102.smil/102/102high/chunklist.m3u8?bcod=8bf7437b-457a-3a66-94ea-3ec5a50fc74f,central.cdn.ip,/central.cdn.ip:8087/cat/3/a/0/live/smil:102.smil/102/102high/chunklist.m3u8,.m3u8,manifest,,200,OK,central.cdn.ip,8087,central.cdn.ip:8087,application/x-mpegURL,2610,application/x-mpegurl,2610,,2766,156,424,82,,0,82,0,,1,0,0,1
2026-03-06T11:21:10.147+00:00,http://central.cdn.ip:8087/central.cdn.ip:8087/cat/3/a/0/live/smil:102.smil/102/102high/chunklist_1080178.ts?bcod=8bf7437b-457a-3a66-94ea-3ec5a50fc74f,central.cdn.ip,/central.cdn.ip:8087/cat/3/a/0/live/smil:102.smil/102/102high/chunklist_1080178.ts,.ts,chunk,1080178,200,OK,central.cdn.ip,8087,central.cdn.ip:8087,video/MP2T,1155260,video/mp2t,1155260,base64,1155428,168,430,597,,0,82,515,2243549.514563107,1,0,0,1
2026-03-06T11:21:11.215+00:00,http://central.cdn.ip:8087/central.cdn.ip:8087/cat/3/a/0/live/smil:102.smil/102/102high/chunklist_1080179.ts?bcod=8bf7437b-457a-3a66-94ea-3ec5a50fc74f,central.cdn.ip,/central.cdn.ip:8087/cat/3/a/0/live/smil:102.smil/102/102high/chunklist_1080179.ts,.ts,chunk,1080179,200,OK,central.cdn.ip,8087,central.cdn.ip:8087,video/MP2T,1165224,video/mp2t,1165224,base64,1165392,168,430,748,78,81,83,506,2303146.2450592886,1,0,0,1
2026-03-06T11:21:11.996+00:00,http://central.cdn.ip:8087/central.cdn.ip:8087/cat/3/a/0/live/smil:102.smil/102/102high/chunklist_1080180.ts?bcod=8bf7437b-457a-3a66-94ea-3ec5a50fc74f,central.cdn.ip,/central.cdn.ip:8087/cat/3/a/0/live/smil:102.smil/102/102high/chunklist_1080180.ts,.ts,chunk,1080180,200,OK,central.cdn.ip,8087,central.cdn.ip:8087,video/MP2T,1274828,video/mp2t,1274828,base64,1274996,168,430,764,82,81,82,517,2466143.1334622824,1,0,0,1
2026-03-06T11:21:15.030+00:00,http://central.cdn.ip:8087/central.cdn.ip:8087/cat/3/a/0/live/smil:102.smil/102/102high/chunklist.m3u8?bcod=8bf7437b-457a-3a66-94ea-3ec5a50fc74f,central.cdn.ip,/central.cdn.ip:8087/cat/3/a/0/live/smil:102.smil/102/102high/chunklist.m3u8,.m3u8,manifest,,200,OK,central.cdn.ip,8087,central.cdn.ip:8087,application/x-mpegURL,2610,application/x-mpegurl,2610,,2766,156,424,247,80,81,82,0,,1,0,0,1
2026-03-06T11:21:15.338+00:00,http://central.cdn.ip:8087/central.cdn.ip:8087/cat/3/a/0/live/smil:102.smil/102/102high/chunklist_1080181.ts?bcod=8bf7437b-457a-3a66-94ea-3ec5a50fc74f,central.cdn.ip,/central.cdn.ip:8087/cat/3/a/0/live/smil:102.smil/102/102high/chunklist_1080181.ts,.ts,chunk,1080181,200,OK,central.cdn.ip,8087,central.cdn.ip:8087,video/MP2T,1118600,video/mp2t,1118600,base64,1118768,168,430,585,0,0,82,503,2224190.8548707752,1,0,0,1
2026-03-06T11:21:21.029+00:00,http://central.cdn.ip:8087/central.cdn.ip:8087/cat/3/a/0/live/smil:102.smil/102/102high/chunklist.m3u8?bcod=8bf7437b-457a-3a66-94ea-3ec5a50fc74f,central.cdn.ip,/central.cdn.ip:8087/cat/3/a/0/live/smil:102.smil/102/102high/chunklist.m3u8,.m3u8,manifest,,200,OK,central.cdn.ip,8087,central.cdn.ip:8087,application/x-mpegURL,2610,application/x-mpegurl,2610,,2766,156,424,246,80,81,83,0,,1,0,0,1
2026-03-06T11:21:21.443+00:00,http://central.cdn.ip:8087/central.cdn.ip:8087/cat/3/a/0/live/smil:102.smil/102/102high/chunklist_1080182.ts?bcod=8bf7437b-457a-3a66-94ea-3ec5a50fc74f,central.cdn.ip,/central.cdn.ip:8087/cat/3/a/0/live/smil:102.smil/102/102high/chunklist_1080182.ts,.ts,chunk,1080182,200,OK,central.cdn.ip,8087,central.cdn.ip:8087,video/MP2T,1115404,video/mp2t,1115404,base64,1115572,168,430,584,,0,83,501,2226690.618762475,1,0,0,1
2026-03-06T11:21:27.030+00:00,http://central.cdn.ip:8087/central.cdn.ip:8087/cat/3/a/0/live/smil:102.smil/102/102high/chunklist.m3u8?bcod=8bf7437b-457a-3a66-94ea-3ec5a50fc74f,central.cdn.ip,/central.cdn.ip:8087/cat/3/a/0/live/smil:102.smil/102/102high/chunklist.m3u8,.m3u8,manifest,,200,OK,central.cdn.ip,8087,central.cdn.ip:8087,application/x-mpegURL,2610,application/x-mpegurl,2610,,2766,156,424,258,81,81,94,0,,1,0,0,1
2026-03-06T11:21:27.346+00:00,http://central.cdn.ip:8087/central.cdn.ip:8087/cat/3/a/0/live/smil:102.smil/102/102high/chunklist_1080183.ts?bcod=8bf7437b-457a-3a66-94ea-3ec5a50fc74f,central.cdn.ip,/central.cdn.ip:8087/cat/3/a/0/live/smil:102.smil/102/102high/chunklist_1080183.ts,.ts,chunk,1080183,200,OK,central.cdn.ip,8087,central.cdn.ip:8087,video/MP2T,1196808,video/mp2t,1196808,base64,1196976,168,430,592,0,0,82,510,2347011.7647058824,1,0,0,1
2026-03-06T11:21:33.040+00:00,http://central.cdn.ip:8087/central.cdn.ip:8087/cat/3/a/0/live/smil:102.smil/102/102high/chunklist.m3u8?bcod=8bf7437b-457a-3a66-94ea-3ec5a50fc74f,central.cdn.ip,/central.cdn.ip:8087/cat/3/a/0/live/smil:102.smil/102/102high/chunklist.m3u8,.m3u8,manifest,,200,OK,central.cdn.ip,8087,central.cdn.ip:8087,application/x-mpegURL,2610,application/x-mpegurl,2610,,2766,156,424,247,81,81,83,0,,1,0,0,1
2026-03-06T11:21:33.485+00:00,http://central.cdn.ip:8087/central.cdn.ip:8087/cat/3/a/0/live/smil:102.smil/102/102high/chunklist_1080184.ts?bcod=8bf7437b-457a-3a66-94ea-3ec5a50fc74f,central.cdn.ip,/central.cdn.ip:8087/cat/3/a/0/live/smil:102.smil/102/102high/chunklist_1080184.ts,.ts,chunk,1080184,200,OK,central.cdn.ip,8087,central.cdn.ip:8087,video/MP2T,1234596,video/mp2t,1234596,base64,1234764,168,430,616,0,0,82,534,2312292.1348314607,1,0,0,1
2026-03-06T11:21:39.300+00:00,http://central.cdn.ip:8087/central.cdn.ip:8087/cat/3/a/0/live/smil:102.smil/102/102high/chunklist.m3u8?bcod=8bf7437b-457a-3a66-94ea-3ec5a50fc74f,central.cdn.ip,/central.cdn.ip:8087/cat/3/a/0/live/smil:102.smil/102/102high/chunklist.m3u8,.m3u8,manifest,,200,OK,central.cdn.ip,8087,central.cdn.ip:8087,application/x-mpegURL,2610,application/x-mpegurl,2610,,2766,156,424,245,80,81,82,0,,1,0,0,1
2026-03-06T11:21:39.564+00:00,http://central.cdn.ip:8087/central.cdn.ip:8087/cat/3/a/0/live/smil:102.smil/102/102high/chunklist_1080185.ts?bcod=8bf7437b-457a-3a66-94ea-3ec5a50fc74f,central.cdn.ip,/central.cdn.ip:8087/cat/3/a/0/live/smil:102.smil/102/102high/chunklist_1080185.ts,.ts,chunk,1080185,200,OK,central.cdn.ip,8087,central.cdn.ip:8087,video/MP2T,1117660,video/mp2t,1117660,base64,1117828,168,430,654,,0,82,572,1954244.7552447554,1,0,0,1
2026-03-06T11:21:46.560+00:00,http://central.cdn.ip/getStreamer/live/120?bcod=8bf7437b-457a-3a66-94ea-3ec5a50fc74f,central.cdn.ip,/getStreamer/live/120,,other,,200,OK,central.cdn.ip,80,central.cdn.ip,text/plain,69,text/plain,52,,447,378,423,239,54,81,104,0,,1,0,0,0
2026-03-06T11:21:46.574+00:00,http://central.cdn.ip:8087/central.cdn.ip:8087/cat/3/a/0/live/smil:102.smil/102/102high/chunklist.m3u8?bcod=8bf7437b-457a-3a66-94ea-3ec5a50fc74f,central.cdn.ip,/central.cdn.ip:8087/cat/3/a/0/live/smil:102.smil/102/102high/chunklist.m3u8,.m3u8,manifest,,200,OK,central.cdn.ip,8087,central.cdn.ip:8087,application/x-mpegURL,2610,application/x-mpegurl,2610,,2766,156,424,164,,81,83,0,,1,0,0,1
2026-03-06T11:21:46.997+00:00,http://central2.cdn.ip:30082/central.cdn.ip:8087/cat/3/a/0/live/smil:120.smil/playlist.m3u8?DVR=true&bcod=8bf7437b-457a-3a66-94ea-3ec5a50fc74f,central2.cdn.ip,/central.cdn.ip:8087/cat/3/a/0/live/smil:120.smil/playlist.m3u8,.m3u8,manifest,,400,Bad Request,central2.cdn.ip,30082,central2.cdn.ip:30082,text/plain; charset=UTF-8,,text/plain; charset=UTF-8,26,,146,120,436,12008,,81,87,11840,12.33108108108108,0,0,1,1
2026-03-06T11:22:44.852+00:00,http://central.cdn.ip/getStreamer/live/120?bcod=8bf7437b-457a-3a66-94ea-3ec5a50fc74f,central.cdn.ip,/getStreamer/live/120,,other,,200,OK,central.cdn.ip,80,central.cdn.ip,text/plain,69,text/plain,49,,447,378,423,251,79,81,91,0,,1,0,0,0
2026-03-06T11:22:45.103+00:00,http://central.cdn.local.ip:30080/central.cdn.ip:8087/cat/3/a/0/live/smil:120.smil/playlist.m3u8?DVR=true&bcod=8bf7437b-457a-3a66-94ea-3ec5a50fc74f,central.cdn.local.ip,/central.cdn.ip:8087/cat/3/a/0/live/smil:120.smil/playlist.m3u8,.m3u8,manifest,,0,,,,central.cdn.local.ip:30080,,,,0,base64,0,0,433,0,,0,0,0,,0,0,0,1
2026-03-06T11:23:10.384+00:00,http://central.cdn.ip/getStreamer/live/102?bcod=8bf7437b-457a-3a66-94ea-3ec5a50fc74f,central.cdn.ip,/getStreamer/live/102,,other,,200,OK,central.cdn.ip,80,central.cdn.ip,text/plain,67,text/plain,45,,445,378,423,529,80,82,363,0,,1,0,0,0
2026-03-06T11:23:11.846+00:00,http://edge.cdn.local.ip:30080/central.cdn.ip:8087/cat/3/a/0/live/smil:102.smil/playlist.m3u8?DVR=true&bcod=8bf7437b-457a-3a66-94ea-3ec5a50fc74f,edge.cdn.local.ip,/central.cdn.ip:8087/cat/3/a/0/live/smil:102.smil/playlist.m3u8,.m3u8,manifest,,200,OK,edge.cdn.local.ip,30080,edge.cdn.local.ip:30080,application/x-mpegURL,143,application/x-mpegurl,143,,301,158,429,174,,0,174,0,,1,0,0,1
2026-03-06T11:23:12.423+00:00,http://edge.cdn.local.ip:30080/central.cdn.ip:8087/cat/3/a/0/live/smil:102.smil/102/102high/chunklist.m3u8?bcod=8bf7437b-457a-3a66-94ea-3ec5a50fc74f,edge.cdn.local.ip,/central.cdn.ip:8087/cat/3/a/0/live/smil:102.smil/102/102high/chunklist.m3u8,.m3u8,manifest,,200,OK,edge.cdn.local.ip,30080,edge.cdn.local.ip:30080,application/x-mpegURL,2610,application/x-mpegurl,2610,,2769,159,418,85,,0,85,0,,1,0,0,1
2026-03-06T11:23:12.523+00:00,http://edge.cdn.local.ip:30080/central.cdn.ip:8087/cat/3/a/0/live/smil:102.smil/102/102high/chunklist_1080199.ts?bcod=8bf7437b-457a-3a66-94ea-3ec5a50fc74f,edge.cdn.local.ip,/central.cdn.ip:8087/cat/3/a/0/live/smil:102.smil/102/102high/chunklist_1080199.ts,.ts,chunk,1080199,200,OK,edge.cdn.local.ip,30080,edge.cdn.local.ip:30080,video/MP2T,1089460,video/mp2t,1089460,base64,1089611,151,424,604,,0,592,12,90800916.66666667,1,0,0,1
2026-03-06T11:23:13.282+00:00,http://edge.cdn.local.ip:30080/central.cdn.ip:8087/cat/3/a/0/live/smil:102.smil/102/102high/chunklist_1080200.ts?bcod=8bf7437b-457a-3a66-94ea-3ec5a50fc74f,edge.cdn.local.ip,/central.cdn.ip:8087/cat/3/a/0/live/smil:102.smil/102/102high/chunklist_1080200.ts,.ts,chunk,1080200,200,OK,edge.cdn.local.ip,30080,edge.cdn.local.ip:30080,video/MP2T,1197748,video/mp2t,1197748,base64,1197899,151,424,726,,0,681,45,26619977.77777778,1,0,0,1
2026-03-06T11:23:14.646+00:00,http://edge.cdn.local.ip:30080/central.cdn.ip:8087/cat/3/a/0/live/smil:102.smil/102/102high/chunklist_1080201.ts?bcod=8bf7437b-457a-3a66-94ea-3ec5a50fc74f,edge.cdn.local.ip,/central.cdn.ip:8087/cat/3/a/0/live/smil:102.smil/102/102high/chunklist_1080201.ts,.ts,chunk,1080201,200,OK,edge.cdn.local.ip,30080,edge.cdn.local.ip:30080,video/MP2T,1140972,video/mp2t,1140972,base64,1141123,151,424,685,,0,679,6,190187166.66666666,1,0,0,1
2026-03-06T11:23:18.130+00:00,http://edge.cdn.local.ip:30080/central.cdn.ip:8087/cat/3/a/0/live/smil:102.smil/102/102high/chunklist.m3u8?bcod=8bf7437b-457a-3a66-94ea-3ec5a50fc74f,edge.cdn.local.ip,/central.cdn.ip:8087/cat/3/a/0/live/smil:102.smil/102/102high/chunklist.m3u8,.m3u8,manifest,,200,OK,edge.cdn.local.ip,30080,edge.cdn.local.ip:30080,application/x-mpegURL,2610,application/x-mpegurl,2610,,2769,159,418,169,1,0,168,0,,1,0,0,1
2026-03-06T11:23:18.382+00:00,http://edge.cdn.local.ip:30080/central.cdn.ip:8087/cat/3/a/0/live/smil:102.smil/102/102high/chunklist_1080202.ts?bcod=8bf7437b-457a-3a66-94ea-3ec5a50fc74f,edge.cdn.local.ip,/central.cdn.ip:8087/cat/3/a/0/live/smil:102.smil/102/102high/chunklist_1080202.ts,.ts,chunk,1080202,200,OK,edge.cdn.local.ip,30080,edge.cdn.local.ip:30080,video/MP2T,1181392,video/mp2t,1181392,base64,1181543,151,424,607,,0,599,8,147692875.0,1,0,0,1
2026-03-06T11:23:24.128+00:00,http://edge.cdn.local.ip:30080/central.cdn.ip:8087/cat/3/a/0/live/smil:102.smil/102/102high/chunklist.m3u8?bcod=8bf7437b-457a-3a66-94ea-3ec5a50fc74f,edge.cdn.local.ip,/central.cdn.ip:8087/cat/3/a/0/live/smil:102.smil/102/102high/chunklist.m3u8,.m3u8,manifest,,200,OK,edge.cdn.local.ip,30080,edge.cdn.local.ip:30080,application/x-mpegURL,2610,application/x-mpegurl,2610,,2769,159,418,167,,0,167,0,,1,0,0,1
2026-03-06T11:23:24.368+00:00,http://edge.cdn.local.ip:30080/central.cdn.ip:8087/cat/3/a/0/live/smil:102.smil/102/102high/chunklist_1080203.ts?bcod=8bf7437b-457a-3a66-94ea-3ec5a50fc74f,edge.cdn.local.ip,/central.cdn.ip:8087/cat/3/a/0/live/smil:102.smil/102/102high/chunklist_1080203.ts,.ts,chunk,1080203,200,OK,edge.cdn.local.ip,30080,edge.cdn.local.ip:30080,video/MP2T,1154508,video/mp2t,1154508,base64,1154659,151,424,638,,0,597,41,28162414.63414634,1,0,0,1
2026-03-06T11:23:30.129+00:00,http://edge.cdn.local.ip:30080/central.cdn.ip:8087/cat/3/a/0/live/smil:102.smil/102/102high/chunklist.m3u8?bcod=8bf7437b-457a-3a66-94ea-3ec5a50fc74f,edge.cdn.local.ip,/central.cdn.ip:8087/cat/3/a/0/live/smil:102.smil/102/102high/chunklist.m3u8,.m3u8,manifest,,200,OK,edge.cdn.local.ip,30080,edge.cdn.local.ip:30080,application/x-mpegURL,2610,application/x-mpegurl,2610,,2769,159,418,168,,0,168,0,,1,0,0,1
2026-03-06T11:23:30.531+00:00,http://edge.cdn.local.ip:30080/central.cdn.ip:8087/cat/3/a/0/live/smil:102.smil/102/102high/chunklist_1080204.ts?bcod=8bf7437b-457a-3a66-94ea-3ec5a50fc74f,edge.cdn.local.ip,/central.cdn.ip:8087/cat/3/a/0/live/smil:102.smil/102/102high/chunklist_1080204.ts,.ts,chunk,1080204,200,OK,edge.cdn.local.ip,30080,edge.cdn.local.ip:30080,video/MP2T,1191920,video/mp2t,1191920,base64,1192071,151,424,608,,0,603,5,238414200.0,1,0,0,1
2026-03-06T11:23:36.128+00:00,http://edge.cdn.local.ip:30080/central.cdn.ip:8087/cat/3/a/0/live/smil:102.smil/102/102high/chunklist.m3u8?bcod=8bf7437b-457a-3a66-94ea-3ec5a50fc74f,edge.cdn.local.ip,/central.cdn.ip:8087/cat/3/a/0/live/smil:102.smil/102/102high/chunklist.m3u8,.m3u8,manifest,,200,OK,edge.cdn.local.ip,30080,edge.cdn.local.ip:30080,application/x-mpegURL,2610,application/x-mpegurl,2610,,2769,159,418,168,,0,168,0,,1,0,0,1
2026-03-06T11:23:36.551+00:00,http://edge.cdn.local.ip:30080/central.cdn.ip:8087/cat/3/a/0/live/smil:102.smil/102/102high/chunklist_1080205.ts?bcod=8bf7437b-457a-3a66-94ea-3ec5a50fc74f,edge.cdn.local.ip,/central.cdn.ip:8087/cat/3/a/0/live/smil:102.smil/102/102high/chunklist_1080205.ts,.ts,chunk,1080205,200,OK,edge.cdn.local.ip,30080,edge.cdn.local.ip:30080,video/MP2T,1153004,video/mp2t,1153004,base64,1153155,151,424,888,,0,597,291,3962731.958762887,1,0,0,1
2026-03-06T11:23:42.127+00:00,http://edge.cdn.local.ip:30080/central.cdn.ip:8087/cat/3/a/0/live/smil:102.smil/102/102high/chunklist.m3u8?bcod=8bf7437b-457a-3a66-94ea-3ec5a50fc74f,edge.cdn.local.ip,/central.cdn.ip:8087/cat/3/a/0/live/smil:102.smil/102/102high/chunklist.m3u8,.m3u8,manifest,,200,OK,edge.cdn.local.ip,30080,edge.cdn.local.ip:30080,application/x-mpegURL,2610,application/x-mpegurl,2610,,2769,159,418,168,,0,168,0,,1,0,0,1
2026-03-06T11:23:42.914+00:00,http://edge.cdn.local.ip:30080/central.cdn.ip:8087/cat/3/a/0/live/smil:102.smil/102/102high/chunklist_1080206.ts?bcod=8bf7437b-457a-3a66-94ea-3ec5a50fc74f,edge.cdn.local.ip,/central.cdn.ip:8087/cat/3/a/0/live/smil:102.smil/102/102high/chunklist_1080206.ts,.ts,chunk,1080206,200,OK,edge.cdn.local.ip,30080,edge.cdn.local.ip:30080,video/MP2T,1160524,video/mp2t,1160524,base64,1160675,151,424,627,,0,596,31,37441129.03225806,1,0,0,1
2026-03-06T11:23:48.137+00:00,http://edge.cdn.local.ip:30080/central.cdn.ip:8087/cat/3/a/0/live/smil:102.smil/102/102high/chunklist.m3u8?bcod=8bf7437b-457a-3a66-94ea-3ec5a50fc74f,edge.cdn.local.ip,/central.cdn.ip:8087/cat/3/a/0/live/smil:102.smil/102/102high/chunklist.m3u8,.m3u8,manifest,,200,OK,edge.cdn.local.ip,30080,edge.cdn.local.ip:30080,application/x-mpegURL,2610,application/x-mpegurl,2610,,2769,159,418,168,,0,168,0,,1,0,0,1
2026-03-06T11:23:48.419+00:00,http://edge.cdn.local.ip:30080/central.cdn.ip:8087/cat/3/a/0/live/smil:102.smil/102/102high/chunklist_1080207.ts?bcod=8bf7437b-457a-3a66-94ea-3ec5a50fc74f,edge.cdn.local.ip,/central.cdn.ip:8087/cat/3/a/0/live/smil:102.smil/102/102high/chunklist_1080207.ts,.ts,chunk,1080207,200,OK,edge.cdn.local.ip,30080,edge.cdn.local.ip:30080,video/MP2T,1159208,video/mp2t,1159208,base64,1159359,151,424,678,0,0,597,81,14313074.074074073,1,0,0,1
2026-03-06T11:23:54.139+00:00,http://edge.cdn.local.ip:30080/central.cdn.ip:8087/cat/3/a/0/live/smil:102.smil/102/102high/chunklist.m3u8?bcod=8bf7437b-457a-3a66-94ea-3ec5a50fc74f,edge.cdn.local.ip,/central.cdn.ip:8087/cat/3/a/0/live/smil:102.smil/102/102high/chunklist.m3u8,.m3u8,manifest,,200,OK,edge.cdn.local.ip,30080,edge.cdn.local.ip:30080,application/x-mpegURL,2610,application/x-mpegurl,2610,,2769,159,418,168,,0,168,0,,1,0,0,1
2026-03-06T11:23:54.933+00:00,http://edge.cdn.local.ip:30080/central.cdn.ip:8087/cat/3/a/0/live/smil:102.smil/102/102high/chunklist_1080208.ts?bcod=8bf7437b-457a-3a66-94ea-3ec5a50fc74f,edge.cdn.local.ip,/central.cdn.ip:8087/cat/3/a/0/live/smil:102.smil/102/102high/chunklist_1080208.ts,.ts,chunk,1080208,200,OK,edge.cdn.local.ip,30080,edge.cdn.local.ip:30080,video/MP2T,1222376,video/mp2t,1222376,base64,1222527,151,424,791,,0,604,187,6537577.540106952,1,0,0,1
2026-03-06T11:24:00.147+00:00,http://edge.cdn.local.ip:30080/central.cdn.ip:8087/cat/3/a/0/live/smil:102.smil/102/102high/chunklist.m3u8?bcod=8bf7437b-457a-3a66-94ea-3ec5a50fc74f,edge.cdn.local.ip,/central.cdn.ip:8087/cat/3/a/0/live/smil:102.smil/102/102high/chunklist.m3u8,.m3u8,manifest,,200,OK,edge.cdn.local.ip,30080,edge.cdn.local.ip:30080,application/x-mpegURL,2610,application/x-mpegurl,2610,,2769,159,418,168,,0,168,0,,1,0,0,1
2026-03-06T11:24:00.428+00:00,http://edge.cdn.local.ip:30080/central.cdn.ip:8087/cat/3/a/0/live/smil:102.smil/102/102high/chunklist_1080209.ts?bcod=8bf7437b-457a-3a66-94ea-3ec5a50fc74f,edge.cdn.local.ip,/central.cdn.ip:8087/cat/3/a/0/live/smil:102.smil/102/102high/chunklist_1080209.ts,.ts,chunk,1080209,200,OK,edge.cdn.local.ip,30080,edge.cdn.local.ip:30080,video/MP2T,1132888,video/mp2t,1132888,base64,1133039,151,424,678,0,0,595,83,13651072.289156625,1,0,0,1
2026-03-06T11:24:06.150+00:00,http://edge.cdn.local.ip:30080/central.cdn.ip:8087/cat/3/a/0/live/smil:102.smil/102/102high/chunklist.m3u8?bcod=8bf7437b-457a-3a66-94ea-3ec5a50fc74f,edge.cdn.local.ip,/central.cdn.ip:8087/cat/3/a/0/live/smil:102.smil/102/102high/chunklist.m3u8,.m3u8,manifest,,200,OK,edge.cdn.local.ip,30080,edge.cdn.local.ip:30080,application/x-mpegURL,2610,application/x-mpegurl,2610,,2769,159,418,170,0,0,170,0,,1,0,0,1
2026-03-06T11:24:06.338+00:00,http://edge.cdn.local.ip:30080/central.cdn.ip:8087/cat/3/a/0/live/smil:102.smil/102/102high/chunklist_1080210.ts?bcod=8bf7437b-457a-3a66-94ea-3ec5a50fc74f,edge.cdn.local.ip,/central.cdn.ip:8087/cat/3/a/0/live/smil:102.smil/102/102high/chunklist_1080210.ts,.ts,chunk,1080210,200,OK,edge.cdn.local.ip,30080,edge.cdn.local.ip:30080,video/MP2T,1173308,video/mp2t,1173308,base64,1173459,151,424,759,,0,600,159,7380245.2830188675,1,0,0,1
2026-03-06T11:24:12.155+00:00,http://edge.cdn.local.ip:30080/central.cdn.ip:8087/cat/3/a/0/live/smil:102.smil/102/102high/chunklist.m3u8?bcod=8bf7437b-457a-3a66-94ea-3ec5a50fc74f,edge.cdn.local.ip,/central.cdn.ip:8087/cat/3/a/0/live/smil:102.smil/102/102high/chunklist.m3u8,.m3u8,manifest,,200,OK,edge.cdn.local.ip,30080,edge.cdn.local.ip:30080,application/x-mpegURL,2610,application/x-mpegurl,2610,,2769,159,418,167,,0,167,0,,1,0,0,1
2026-03-06T11:24:12.817+00:00,http://edge.cdn.local.ip:30080/central.cdn.ip:8087/cat/3/a/0/live/smil:102.smil/102/102high/chunklist_1080211.ts?bcod=8bf7437b-457a-3a66-94ea-3ec5a50fc74f,edge.cdn.local.ip,/central.cdn.ip:8087/cat/3/a/0/live/smil:102.smil/102/102high/chunklist_1080211.ts,.ts,chunk,1080211,200,OK,edge.cdn.local.ip,30080,edge.cdn.local.ip:30080,video/MP2T,1190416,video/mp2t,1190416,base64,1190567,151,424,768,,0,600,168,7086708.333333333,1,0,0,1
2026-03-06T11:24:18.151+00:00,http://edge.cdn.local.ip:30080/central.cdn.ip:8087/cat/3/a/0/live/smil:102.smil/102/102high/chunklist.m3u8?bcod=8bf7437b-457a-3a66-94ea-3ec5a50fc74f,edge.cdn.local.ip,/central.cdn.ip:8087/cat/3/a/0/live/smil:102.smil/102/102high/chunklist.m3u8,.m3u8,manifest,,200,OK,edge.cdn.local.ip,30080,edge.cdn.local.ip:30080,application/x-mpegURL,2610,application/x-mpegurl,2610,,2769,159,418,169,,0,169,0,,1,0,0,1
2026-03-06T11:24:18.440+00:00,http://edge.cdn.local.ip:30080/central.cdn.ip:8087/cat/3/a/0/live/smil:102.smil/102/102high/chunklist_1080212.ts?bcod=8bf7437b-457a-3a66-94ea-3ec5a50fc74f,edge.cdn.local.ip,/central.cdn.ip:8087/cat/3/a/0/live/smil:102.smil/102/102high/chunklist_1080212.ts,.ts,chunk,1080212,200,OK,edge.cdn.local.ip,30080,edge.cdn.local.ip:30080,video/MP2T,1143040,video/mp2t,1143040,base64,1143191,151,424,875,,0,595,280,4082824.9999999995,1,0,0,1
2026-03-06T11:24:24.152+00:00,http://edge.cdn.local.ip:30080/central.cdn.ip:8087/cat/3/a/0/live/smil:102.smil/102/102high/chunklist.m3u8?bcod=8bf7437b-457a-3a66-94ea-3ec5a50fc74f,edge.cdn.local.ip,/central.cdn.ip:8087/cat/3/a/0/live/smil:102.smil/102/102high/chunklist.m3u8,.m3u8,manifest,,200,OK,edge.cdn.local.ip,30080,edge.cdn.local.ip:30080,application/x-mpegURL,2610,application/x-mpegurl,2610,,2769,159,418,168,,0,168,0,,1,0,0,1
2026-03-06T11:24:24.417+00:00,http://edge.cdn.local.ip:30080/central.cdn.ip:8087/cat/3/a/0/live/smil:102.smil/102/102high/chunklist_1080213.ts?bcod=8bf7437b-457a-3a66-94ea-3ec5a50fc74f,edge.cdn.local.ip,/central.cdn.ip:8087/cat/3/a/0/live/smil:102.smil/102/102high/chunklist_1080213.ts,.ts,chunk,1080213,200,OK,edge.cdn.local.ip,30080,edge.cdn.local.ip:30080,video/MP2T,1159772,video/mp2t,1159772,base64,1159923,151,424,906,,0,597,309,3753796.1165048545,1,0,0,1
2026-03-06T11:24:30.152+00:00,http://edge.cdn.local.ip:30080/central.cdn.ip:8087/cat/3/a/0/live/smil:102.smil/102/102high/chunklist.m3u8?bcod=8bf7437b-457a-3a66-94ea-3ec5a50fc74f,edge.cdn.local.ip,/central.cdn.ip:8087/cat/3/a/0/live/smil:102.smil/102/102high/chunklist.m3u8,.m3u8,manifest,,200,OK,edge.cdn.local.ip,30080,edge.cdn.local.ip:30080,application/x-mpegURL,2610,application/x-mpegurl,2610,,2769,159,418,168,,0,168,0,,1,0,0,1
2026-03-06T11:24:30.444+00:00,http://edge.cdn.local.ip:30080/central.cdn.ip:8087/cat/3/a/0/live/smil:102.smil/102/102high/chunklist_1080214.ts?bcod=8bf7437b-457a-3a66-94ea-3ec5a50fc74f,edge.cdn.local.ip,/central.cdn.ip:8087/cat/3/a/0/live/smil:102.smil/102/102high/chunklist_1080214.ts,.ts,chunk,1080214,200,OK,edge.cdn.local.ip,30080,edge.cdn.local.ip:30080,video/MP2T,1233092,video/mp2t,1233092,base64,1233243,151,424,658,,0,604,54,22837833.333333332,1,0,0,1
2026-03-06T11:24:36.153+00:00,http://edge.cdn.local.ip:30080/central.cdn.ip:8087/cat/3/a/0/live/smil:102.smil/102/102high/chunklist.m3u8?bcod=8bf7437b-457a-3a66-94ea-3ec5a50fc74f,edge.cdn.local.ip,/central.cdn.ip:8087/cat/3/a/0/live/smil:102.smil/102/102high/chunklist.m3u8,.m3u8,manifest,,200,OK,edge.cdn.local.ip,30080,edge.cdn.local.ip:30080,application/x-mpegURL,2610,application/x-mpegurl,2610,,2769,159,418,167,,0,167,0,,1,0,0,1
2026-03-06T11:24:36.393+00:00,http://edge.cdn.local.ip:30080/central.cdn.ip:8087/cat/3/a/0/live/smil:102.smil/102/102high/chunklist_1080215.ts?bcod=8bf7437b-457a-3a66-94ea-3ec5a50fc74f,edge.cdn.local.ip,/central.cdn.ip:8087/cat/3/a/0/live/smil:102.smil/102/102high/chunklist_1080215.ts,.ts,chunk,1080215,200,OK,edge.cdn.local.ip,30080,edge.cdn.local.ip:30080,video/MP2T,1150560,video/mp2t,1150560,base64,1150711,151,424,649,,0,600,49,23483897.959183674,1,0,0,1
2026-03-06T11:24:42.157+00:00,http://edge.cdn.local.ip:30080/central.cdn.ip:8087/cat/3/a/0/live/smil:102.smil/102/102high/chunklist.m3u8?bcod=8bf7437b-457a-3a66-94ea-3ec5a50fc74f,edge.cdn.local.ip,/central.cdn.ip:8087/cat/3/a/0/live/smil:102.smil/102/102high/chunklist.m3u8,.m3u8,manifest,,200,OK,edge.cdn.local.ip,30080,edge.cdn.local.ip:30080,application/x-mpegURL,2610,application/x-mpegurl,2610,,2769,159,418,167,,0,167,0,,1,0,0,1
2026-03-06T11:24:42.438+00:00,http://edge.cdn.local.ip:30080/central.cdn.ip:8087/cat/3/a/0/live/smil:102.smil/102/102high/chunklist_1080216.ts?bcod=8bf7437b-457a-3a66-94ea-3ec5a50fc74f,edge.cdn.local.ip,/central.cdn.ip:8087/cat/3/a/0/live/smil:102.smil/102/102high/chunklist_1080216.ts,.ts,chunk,1080216,200,OK,edge.cdn.local.ip,30080,edge.cdn.local.ip:30080,video/MP2T,1248320,video/mp2t,1248320,base64,1248471,151,424,609,,0,605,4,312117750.0,1,0,0,1
2026-03-06T11:24:48.159+00:00,http://edge.cdn.local.ip:30080/central.cdn.ip:8087/cat/3/a/0/live/smil:102.smil/102/102high/chunklist.m3u8?bcod=8bf7437b-457a-3a66-94ea-3ec5a50fc74f,edge.cdn.local.ip,/central.cdn.ip:8087/cat/3/a/0/live/smil:102.smil/102/102high/chunklist.m3u8,.m3u8,manifest,,200,OK,edge.cdn.local.ip,30080,edge.cdn.local.ip:30080,application/x-mpegURL,2610,application/x-mpegurl,2610,,2769,159,418,167,0,0,167,0,,1,0,0,1
2026-03-06T11:24:49.971+00:00,http://edge.cdn.local.ip:30080/central.cdn.ip:8087/cat/3/a/0/live/smil:102.smil/102/102high/chunklist_1080217.ts?bcod=8bf7437b-457a-3a66-94ea-3ec5a50fc74f,edge.cdn.local.ip,/central.cdn.ip:8087/cat/3/a/0/live/smil:102.smil/102/102high/chunklist_1080217.ts,.ts,chunk,1080217,200,OK,edge.cdn.local.ip,30080,edge.cdn.local.ip:30080,video/MP2T,1074232,video/mp2t,1074232,base64,1074383,151,424,1090,,0,593,497,2161736.4185110666,1,0,0,1
2026-03-06T11:24:54.163+00:00,http://edge.cdn.local.ip:30080/central.cdn.ip:8087/cat/3/a/0/live/smil:102.smil/102/102high/chunklist.m3u8?bcod=8bf7437b-457a-3a66-94ea-3ec5a50fc74f,edge.cdn.local.ip,/central.cdn.ip:8087/cat/3/a/0/live/smil:102.smil/102/102high/chunklist.m3u8,.m3u8,manifest,,200,OK,edge.cdn.local.ip,30080,edge.cdn.local.ip:30080,application/x-mpegURL,2610,application/x-mpegurl,2610,,2769,159,418,169,0,0,169,0,,1,0,0,1
2026-03-06T11:24:54.588+00:00,http://edge.cdn.local.ip:30080/central.cdn.ip:8087/cat/3/a/0/live/smil:102.smil/102/102high/chunklist_1080218.ts?bcod=8bf7437b-457a-3a66-94ea-3ec5a50fc74f,edge.cdn.local.ip,/central.cdn.ip:8087/cat/3/a/0/live/smil:102.smil/102/102high/chunklist_1080218.ts,.ts,chunk,1080218,200,OK,edge.cdn.local.ip,30080,edge.cdn.local.ip:30080,video/MP2T,1162592,video/mp2t,1162592,base64,1162743,151,424,789,,0,601,188,6184803.191489361,1,0,0,1
2026-03-06T11:25:00.166+00:00,http://edge.cdn.local.ip:30080/central.cdn.ip:8087/cat/3/a/0/live/smil:102.smil/102/102high/chunklist.m3u8?bcod=8bf7437b-457a-3a66-94ea-3ec5a50fc74f,edge.cdn.local.ip,/central.cdn.ip:8087/cat/3/a/0/live/smil:102.smil/102/102high/chunklist.m3u8,.m3u8,manifest,,200,OK,edge.cdn.local.ip,30080,edge.cdn.local.ip:30080,application/x-mpegURL,2610,application/x-mpegurl,2610,,2769,159,418,168,,0,168,0,,1,0,0,1
2026-03-06T11:25:00.465+00:00,http://edge.cdn.local.ip:30080/central.cdn.ip:8087/cat/3/a/0/live/smil:102.smil/102/102high/chunklist_1080219.ts?bcod=8bf7437b-457a-3a66-94ea-3ec5a50fc74f,edge.cdn.local.ip,/central.cdn.ip:8087/cat/3/a/0/live/smil:102.smil/102/102high/chunklist_1080219.ts,.ts,chunk,1080219,200,OK,edge.cdn.local.ip,30080,edge.cdn.local.ip:30080,video/MP2T,1199628,video/mp2t,1199628,base64,1199779,151,424,736,,0,601,135,8887251.85185185,1,0,0,1
2026-03-06T11:25:06.161+00:00,http://edge.cdn.local.ip:30080/central.cdn.ip:8087/cat/3/a/0/live/smil:102.smil/102/102high/chunklist.m3u8?bcod=8bf7437b-457a-3a66-94ea-3ec5a50fc74f,edge.cdn.local.ip,/central.cdn.ip:8087/cat/3/a/0/live/smil:102.smil/102/102high/chunklist.m3u8,.m3u8,manifest,,200,OK,edge.cdn.local.ip,30080,edge.cdn.local.ip:30080,application/x-mpegURL,2610,application/x-mpegurl,2610,,2769,159,418,169,1,0,168,0,,1,0,0,1
2026-03-06T11:25:06.550+00:00,http://edge.cdn.local.ip:30080/central.cdn.ip:8087/cat/3/a/0/live/smil:102.smil/102/102high/chunklist_1080220.ts?bcod=8bf7437b-457a-3a66-94ea-3ec5a50fc74f,edge.cdn.local.ip,/central.cdn.ip:8087/cat/3/a/0/live/smil:102.smil/102/102high/chunklist_1080220.ts,.ts,chunk,1080220,200,OK,edge.cdn.local.ip,30080,edge.cdn.local.ip:30080,video/MP2T,1312804,video/mp2t,1312804,base64,1312955,151,424,617,,0,610,7,187565000.0,1,0,0,1
2026-03-06T11:25:10.627+00:00,http://central.cdn.ip/getStreamer/live/115?bcod=8bf7437b-457a-3a66-94ea-3ec5a50fc74f,central.cdn.ip,/getStreamer/live/115,,other,,200,OK,central.cdn.ip,80,central.cdn.ip,text/plain,58,text/plain,51,,436,378,423,260,83,83,94,0,,1,0,0,0
2026-03-06T11:25:10.893+00:00,http://central.cdn.ip:8087/central.cdn.ip:8087/cat/3/a/0/live/smil:115.smil/playlist.m3u8?DVR=true&bcod=8bf7437b-457a-3a66-94ea-3ec5a50fc74f,central.cdn.ip,/central.cdn.ip:8087/cat/3/a/0/live/smil:115.smil/playlist.m3u8,.m3u8,manifest,,400,Bad Request,central.cdn.ip,8087,central.cdn.ip:8087,text/plain; charset=UTF-8,,text/plain; charset=UTF-8,26,,146,120,435,228,65,81,82,0,,0,0,1,1
2026-03-06T11:25:49.770+00:00,http://central.cdn.ip/getStreamer/live/120?bcod=8bf7437b-457a-3a66-94ea-3ec5a50fc74f,central.cdn.ip,/getStreamer/live/120,,other,,200,OK,central.cdn.ip,80,central.cdn.ip,text/plain,69,text/plain,52,,447,378,423,256,80,81,92,0,,1,0,0,0
2026-03-06T11:25:50.008+00:00,http://central2.cdn.ip:30082/central.cdn.ip:8087/cat/3/a/0/live/smil:120.smil/playlist.m3u8?DVR=true&bcod=8bf7437b-457a-3a66-94ea-3ec5a50fc74f,central2.cdn.ip,/central.cdn.ip:8087/cat/3/a/0/live/smil:120.smil/playlist.m3u8,.m3u8,manifest,,400,Bad Request,central2.cdn.ip,30082,central2.cdn.ip:30082,text/plain; charset=UTF-8,,text/plain; charset=UTF-8,26,,146,120,436,10392,80,81,87,10144,14.392744479495269,0,0,1,1
2026-03-06T11:26:49.037+00:00,http://central.cdn.ip/getStreamer/live/102?bcod=8bf7437b-457a-3a66-94ea-3ec5a50fc74f,central.cdn.ip,/getStreamer/live/102,,other,,200,OK,central.cdn.ip,80,central.cdn.ip,text/plain,69,text/plain,49,,447,378,423,259,80,81,95,0,,1,0,0,0
2026-03-06T11:26:49.347+00:00,http://central.cdn.local.ip:30080/central.cdn.ip:8087/cat/3/a/0/live/smil:102.smil/playlist.m3u8?DVR=true&bcod=8bf7437b-457a-3a66-94ea-3ec5a50fc74f,central.cdn.local.ip,/central.cdn.ip:8087/cat/3/a/0/live/smil:102.smil/playlist.m3u8,.m3u8,manifest,,0,,,,central.cdn.local.ip:30080,,,,0,base64,0,0,433,0,0,0,0,0,,0,0,0,1
2026-03-06T11:27:51.783+00:00,http://central.cdn.ip/getStreamer/live/115?bcod=8bf7437b-457a-3a66-94ea-3ec5a50fc74f,central.cdn.ip,/getStreamer/live/115,,other,,200,OK,central.cdn.ip,80,central.cdn.ip,text/plain,67,text/plain,45,,445,378,423,266,79,92,92,0,,1,0,0,0
2026-03-06T11:27:52.008+00:00,http://edge.cdn.local.ip:30080/central.cdn.ip:8087/cat/3/a/0/live/smil:115.smil/playlist.m3u8?DVR=true&bcod=8bf7437b-457a-3a66-94ea-3ec5a50fc74f,edge.cdn.local.ip,/central.cdn.ip:8087/cat/3/a/0/live/smil:115.smil/playlist.m3u8,.m3u8,manifest,,400,Bad Request,edge.cdn.local.ip,30080,edge.cdn.local.ip:30080,text/plain; charset=UTF-8,,text/plain; charset=UTF-8,26,,146,120,429,11220,,0,344,10876,13.424052960647298,0,0,1,1
2026-03-06T11:28:55.351+00:00,http://central.cdn.ip/getStreamer/live/102?bcod=8bf7437b-457a-3a66-94ea-3ec5a50fc74f,central.cdn.ip,/getStreamer/live/102,,other,,200,OK,central.cdn.ip,80,central.cdn.ip,text/plain,58,text/plain,51,,436,378,423,256,81,81,91,0,,1,0,0,0
2026-03-06T11:28:55.600+00:00,http://central.cdn.ip:8087/central.cdn.ip:8087/cat/3/a/0/live/smil:102.smil/playlist.m3u8?DVR=true&bcod=8bf7437b-457a-3a66-94ea-3ec5a50fc74f,central.cdn.ip,/central.cdn.ip:8087/cat/3/a/0/live/smil:102.smil/playlist.m3u8,.m3u8,manifest,,200,OK,central.cdn.ip,8087,central.cdn.ip:8087,application/x-mpegURL,143,application/x-mpegurl,143,,298,155,435,199,36,81,82,0,,1,0,0,1
2026-03-06T11:28:57.042+00:00,http://central.cdn.ip:8087/central.cdn.ip:8087/cat/3/a/0/live/smil:102.smil/102/102high/chunklist.m3u8?bcod=8bf7437b-457a-3a66-94ea-3ec5a50fc74f,central.cdn.ip,/central.cdn.ip:8087/cat/3/a/0/live/smil:102.smil/102/102high/chunklist.m3u8,.m3u8,manifest,,200,OK,central.cdn.ip,8087,central.cdn.ip:8087,application/x-mpegURL,2610,application/x-mpegurl,2610,,2766,156,424,82,,0,82,0,,1,0,0,1
2026-03-06T11:28:57.137+00:00,http://central.cdn.ip:8087/central.cdn.ip:8087/cat/3/a/0/live/smil:102.smil/102/102high/chunklist_1080256.ts?bcod=8bf7437b-457a-3a66-94ea-3ec5a50fc74f,central.cdn.ip,/central.cdn.ip:8087/cat/3/a/0/live/smil:102.smil/102/102high/chunklist_1080256.ts,.ts,chunk,1080256,200,OK,central.cdn.ip,8087,central.cdn.ip:8087,video/MP2T,1165224,video/mp2t,1165224,base64,1165392,168,430,589,0,0,82,507,2298603.550295858,1,0,0,1
2026-03-06T11:28:57.912+00:00,http://central.cdn.ip:8087/central.cdn.ip:8087/cat/3/a/0/live/smil:102.smil/102/102high/chunklist_1080257.ts?bcod=8bf7437b-457a-3a66-94ea-3ec5a50fc74f,central.cdn.ip,/central.cdn.ip:8087/cat/3/a/0/live/smil:102.smil/102/102high/chunklist_1080257.ts,.ts,chunk,1080257,200,OK,central.cdn.ip,8087,central.cdn.ip:8087,video/MP2T,1161652,video/mp2t,1161652,base64,1161820,168,430,754,81,81,83,507,2291558.1854043393,1,0,0,1
2026-03-06T11:28:58.992+00:00,http://central.cdn.ip:8087/central.cdn.ip:8087/cat/3/a/0/live/smil:102.smil/102/102high/chunklist_1080258.ts?bcod=8bf7437b-457a-3a66-94ea-3ec5a50fc74f,central.cdn.ip,/central.cdn.ip:8087/cat/3/a/0/live/smil:102.smil/102/102high/chunklist_1080258.ts,.ts,chunk,1080258,200,OK,central.cdn.ip,8087,central.cdn.ip:8087,video/MP2T,1165224,video/mp2t,1165224,base64,1165392,168,430,809,82,81,83,563,2069968.028419183,1,0,0,1
2026-03-06T11:29:03.037+00:00,http://central.cdn.ip:8087/central.cdn.ip:8087/cat/3/a/0/live/smil:102.smil/102/102high/chunklist.m3u8?bcod=8bf7437b-457a-3a66-94ea-3ec5a50fc74f,central.cdn.ip,/central.cdn.ip:8087/cat/3/a/0/live/smil:102.smil/102/102high/chunklist.m3u8,.m3u8,manifest,,200,OK,central.cdn.ip,8087,central.cdn.ip:8087,application/x-mpegURL,2610,application/x-mpegurl,2610,,2766,156,424,246,80,81,83,0,,1,0,0,1
2026-03-06T11:29:03.326+00:00,http://central.cdn.ip:8087/central.cdn.ip:8087/cat/3/a/0/live/smil:102.smil/102/102high/chunklist_1080259.ts?bcod=8bf7437b-457a-3a66-94ea-3ec5a50fc74f,central.cdn.ip,/central.cdn.ip:8087/cat/3/a/0/live/smil:102.smil/102/102high/chunklist_1080259.ts,.ts,chunk,1080259,200,OK,central.cdn.ip,8087,central.cdn.ip:8087,video/MP2T,1167856,video/mp2t,1167856,base64,1168024,168,430,678,0,0,82,596,1959771.812080537,1,0,0,1
2026-03-06T11:29:09.039+00:00,http://central.cdn.ip:8087/central.cdn.ip:8087/cat/3/a/0/live/smil:102.smil/102/102high/chunklist.m3u8?bcod=8bf7437b-457a-3a66-94ea-3ec5a50fc74f,central.cdn.ip,/central.cdn.ip:8087/cat/3/a/0/live/smil:102.smil/102/102high/chunklist.m3u8,.m3u8,manifest,,200,OK,central.cdn.ip,8087,central.cdn.ip:8087,application/x-mpegURL,2610,application/x-mpegurl,2610,,2766,156,424,248,81,81,83,0,,1,0,0,1
2026-03-06T11:29:09.731+00:00,http://central.cdn.ip:8087/central.cdn.ip:8087/cat/3/a/0/live/smil:102.smil/102/102high/chunklist_1080260.ts?bcod=8bf7437b-457a-3a66-94ea-3ec5a50fc74f,central.cdn.ip,/central.cdn.ip:8087/cat/3/a/0/live/smil:102.smil/102/102high/chunklist_1080260.ts,.ts,chunk,1080260,200,OK,central.cdn.ip,8087,central.cdn.ip:8087,video/MP2T,1168608,video/mp2t,1168608,base64,1168776,168,430,1164,0,0,82,1082,1080199.6303142328,1,0,0,1
2026-03-06T11:29:15.040+00:00,http://central.cdn.ip:8087/central.cdn.ip:8087/cat/3/a/0/live/smil:102.smil/102/102high/chunklist.m3u8?bcod=8bf7437b-457a-3a66-94ea-3ec5a50fc74f,central.cdn.ip,/central.cdn.ip:8087/cat/3/a/0/live/smil:102.smil/102/102high/chunklist.m3u8,.m3u8,manifest,,200,OK,central.cdn.ip,8087,central.cdn.ip:8087,application/x-mpegURL,2610,application/x-mpegurl,2610,,2766,156,424,246,81,81,82,0,,1,0,0,1
2026-03-06T11:29:15.316+00:00,http://central.cdn.ip:8087/central.cdn.ip:8087/cat/3/a/0/live/smil:102.smil/102/102high/chunklist_1080261.ts?bcod=8bf7437b-457a-3a66-94ea-3ec5a50fc74f,central.cdn.ip,/central.cdn.ip:8087/cat/3/a/0/live/smil:102.smil/102/102high/chunklist_1080261.ts,.ts,chunk,1080261,200,OK,central.cdn.ip,8087,central.cdn.ip:8087,video/MP2T,1167292,video/mp2t,1167292,base64,1167460,168,430,787,0,0,82,705,1655971.6312056738,1,0,0,1
2026-03-06T11:29:21.050+00:00,http://central.cdn.ip:8087/central.cdn.ip:8087/cat/3/a/0/live/smil:102.smil/102/102high/chunklist.m3u8?bcod=8bf7437b-457a-3a66-94ea-3ec5a50fc74f,central.cdn.ip,/central.cdn.ip:8087/cat/3/a/0/live/smil:102.smil/102/102high/chunklist.m3u8,.m3u8,manifest,,200,OK,central.cdn.ip,8087,central.cdn.ip:8087,application/x-mpegURL,2610,application/x-mpegurl,2610,,2766,156,424,246,79,81,82,0,,1,0,0,1
2026-03-06T11:29:21.333+00:00,http://central.cdn.ip:8087/central.cdn.ip:8087/cat/3/a/0/live/smil:102.smil/102/102high/chunklist_1080262.ts?bcod=8bf7437b-457a-3a66-94ea-3ec5a50fc74f,central.cdn.ip,/central.cdn.ip:8087/cat/3/a/0/live/smil:102.smil/102/102high/chunklist_1080262.ts,.ts,chunk,1080262,200,OK,central.cdn.ip,8087,central.cdn.ip:8087,video/MP2T,1170488,video/mp2t,1170488,base64,1170656,168,430,784,0,0,83,701,1669980.0285306706,1,0,0,1
2026-03-06T11:29:27.048+00:00,http://central.cdn.ip:8087/central.cdn.ip:8087/cat/3/a/0/live/smil:102.smil/102/102high/chunklist.m3u8?bcod=8bf7437b-457a-3a66-94ea-3ec5a50fc74f,central.cdn.ip,/central.cdn.ip:8087/cat/3/a/0/live/smil:102.smil/102/102high/chunklist.m3u8,.m3u8,manifest,,200,OK,central.cdn.ip,8087,central.cdn.ip:8087,application/x-mpegURL,2610,application/x-mpegurl,2610,,2766,156,424,247,80,81,83,0,,1,0,0,1
2026-03-06T11:29:27.481+00:00,http://central.cdn.ip:8087/central.cdn.ip:8087/cat/3/a/0/live/smil:102.smil/102/102high/chunklist_1080263.ts?bcod=8bf7437b-457a-3a66-94ea-3ec5a50fc74f,central.cdn.ip,/central.cdn.ip:8087/cat/3/a/0/live/smil:102.smil/102/102high/chunklist_1080263.ts,.ts,chunk,1080263,200,OK,central.cdn.ip,8087,central.cdn.ip:8087,video/MP2T,1194552,video/mp2t,1194552,base64,1194720,168,430,590,,0,82,508,2351811.023622047,1,0,0,1
2026-03-06T11:29:33.050+00:00,http://central.cdn.ip:8087/central.cdn.ip:8087/cat/3/a/0/live/smil:102.smil/102/102high/chunklist.m3u8?bcod=8bf7437b-457a-3a66-94ea-3ec5a50fc74f,central.cdn.ip,/central.cdn.ip:8087/cat/3/a/0/live/smil:102.smil/102/102high/chunklist.m3u8,.m3u8,manifest,,200,OK,central.cdn.ip,8087,central.cdn.ip:8087,application/x-mpegURL,2610,application/x-mpegurl,2610,,2766,156,424,246,80,81,83,0,,1,0,0,1
2026-03-06T11:29:33.420+00:00,http://central.cdn.ip:8087/central.cdn.ip:8087/cat/3/a/0/live/smil:102.smil/102/102high/chunklist_1080264.ts?bcod=8bf7437b-457a-3a66-94ea-3ec5a50fc74f,central.cdn.ip,/central.cdn.ip:8087/cat/3/a/0/live/smil:102.smil/102/102high/chunklist_1080264.ts,.ts,chunk,1080264,200,OK,central.cdn.ip,8087,central.cdn.ip:8087,video/MP2T,1218052,video/mp2t,1218052,base64,1218220,168,430,595,,0,82,513,2374697.855750487,1,0,0,1
2026-03-06T11:29:39.049+00:00,http://central.cdn.ip:8087/central.cdn.ip:8087/cat/3/a/0/live/smil:102.smil/102/102high/chunklist.m3u8?bcod=8bf7437b-457a-3a66-94ea-3ec5a50fc74f,central.cdn.ip,/central.cdn.ip:8087/cat/3/a/0/live/smil:102.smil/102/102high/chunklist.m3u8,.m3u8,manifest,,200,OK,central.cdn.ip,8087,central.cdn.ip:8087,application/x-mpegURL,2610,application/x-mpegurl,2610,,2766,156,424,247,81,81,82,0,,1,0,0,1
2026-03-06T11:29:39.734+00:00,http://central.cdn.ip/getStreamer/live/120?bcod=8bf7437b-457a-3a66-94ea-3ec5a50fc74f,central.cdn.ip,/getStreamer/live/120,,other,,200,OK,central.cdn.ip,80,central.cdn.ip,text/plain,69,text/plain,52,,447,378,423,172,,81,91,0,,1,0,0,0
2026-03-06T11:29:41.958+00:00,http://central2.cdn.ip:30082/central.cdn.ip:8087/cat/3/a/0/live/smil:120.smil/playlist.m3u8?DVR=true&bcod=8bf7437b-457a-3a66-94ea-3ec5a50fc74f,central2.cdn.ip,/central.cdn.ip:8087/cat/3/a/0/live/smil:120.smil/playlist.m3u8,.m3u8,manifest,,400,Bad Request,central2.cdn.ip,30082,central2.cdn.ip:30082,text/plain; charset=UTF-8,,text/plain; charset=UTF-8,26,,146,120,436,10557,26,81,89,10361,14.091303928192259,0,0,1,1
2026-03-06T11:30:03.018+00:00,http://central.cdn.ip/getStreamer/live/102?bcod=8bf7437b-457a-3a66-94ea-3ec5a50fc74f,central.cdn.ip,/getStreamer/live/102,,other,,200,OK,central.cdn.ip,80,central.cdn.ip,text/plain,69,text/plain,49,,447,378,423,265,80,81,101,0,,1,0,0,0
2026-03-06T11:30:03.305+00:00,http://central.cdn.local.ip:30080/central.cdn.ip:8087/cat/3/a/0/live/smil:102.smil/playlist.m3u8?DVR=true&bcod=8bf7437b-457a-3a66-94ea-3ec5a50fc74f,central.cdn.local.ip,/central.cdn.ip:8087/cat/3/a/0/live/smil:102.smil/playlist.m3u8,.m3u8,manifest,,0,,,,central.cdn.local.ip:30080,,,,0,base64,0,0,433,0,,0,0,0,,0,0,0,1
2026-03-06T11:30:20.523+00:00,http://central.cdn.ip/getStreamer/live/115?bcod=8bf7437b-457a-3a66-94ea-3ec5a50fc74f,central.cdn.ip,/getStreamer/live/115,,other,,200,OK,central.cdn.ip,80,central.cdn.ip,text/plain,67,text/plain,45,,445,378,423,257,79,81,93,0,,1,0,0,0
2026-03-06T11:30:20.759+00:00,http://edge.cdn.local.ip:30080/central.cdn.ip:8087/cat/3/a/0/live/smil:115.smil/playlist.m3u8?DVR=true&bcod=8bf7437b-457a-3a66-94ea-3ec5a50fc74f,edge.cdn.local.ip,/central.cdn.ip:8087/cat/3/a/0/live/smil:115.smil/playlist.m3u8,.m3u8,manifest,,400,Bad Request,edge.cdn.local.ip,30080,edge.cdn.local.ip:30080,text/plain; charset=UTF-8,,text/plain; charset=UTF-8,26,,146,120,429,8456,,0,340,8116,17.98915722030557,0,0,1,1
2026-03-06T11:30:28.859+00:00,http://central.cdn.ip/getStreamer/live/102?bcod=8bf7437b-457a-3a66-94ea-3ec5a50fc74f,central.cdn.ip,/getStreamer/live/102,,other,,200,OK,central.cdn.ip,80,central.cdn.ip,text/plain,58,text/plain,51,,436,378,423,256,82,82,89,0,,1,0,0,0
2026-03-06T11:30:29.327+00:00,http://central.cdn.ip:8087/central.cdn.ip:8087/cat/3/a/0/live/smil:102.smil/playlist.m3u8?DVR=true&bcod=8bf7437b-457a-3a66-94ea-3ec5a50fc74f,central.cdn.ip,/central.cdn.ip:8087/cat/3/a/0/live/smil:102.smil/playlist.m3u8,.m3u8,manifest,,200,OK,central.cdn.ip,8087,central.cdn.ip:8087,application/x-mpegURL,143,application/x-mpegurl,143,,298,155,435,162,,81,81,0,,1,0,0,1
2026-03-06T11:30:30.445+00:00,http://central.cdn.ip:8087/central.cdn.ip:8087/cat/3/a/0/live/smil:102.smil/102/102high/chunklist.m3u8?bcod=8bf7437b-457a-3a66-94ea-3ec5a50fc74f,central.cdn.ip,/central.cdn.ip:8087/cat/3/a/0/live/smil:102.smil/102/102high/chunklist.m3u8,.m3u8,manifest,,200,OK,central.cdn.ip,8087,central.cdn.ip:8087,application/x-mpegURL,2610,application/x-mpegurl,2610,,2766,156,424,82,0,0,82,0,,1,0,0,1
2026-03-06T11:30:30.732+00:00,http://central.cdn.ip:8087/central.cdn.ip:8087/cat/3/a/0/live/smil:102.smil/102/102high/chunklist_1080272.ts?bcod=8bf7437b-457a-3a66-94ea-3ec5a50fc74f,central.cdn.ip,/central.cdn.ip:8087/cat/3/a/0/live/smil:102.smil/102/102high/chunklist_1080272.ts,.ts,chunk,1080272,200,OK,central.cdn.ip,8087,central.cdn.ip:8087,video/MP2T,1171052,video/mp2t,1171052,base64,1171220,168,430,589,,0,82,507,2310098.6193293887,1,0,0,1
2026-03-06T11:30:31.802+00:00,http://central.cdn.ip:8087/central.cdn.ip:8087/cat/3/a/0/live/smil:102.smil/102/102high/chunklist_1080273.ts?bcod=8bf7437b-457a-3a66-94ea-3ec5a50fc74f,central.cdn.ip,/central.cdn.ip:8087/cat/3/a/0/live/smil:102.smil/102/102high/chunklist_1080273.ts,.ts,chunk,1080273,200,OK,central.cdn.ip,8087,central.cdn.ip:8087,video/MP2T,1161840,video/mp2t,1161840,base64,1162008,168,430,752,83,81,82,506,2296458.4980237153,1,0,0,1
2026-03-06T11:30:32.735+00:00,http://central.cdn.ip:8087/central.cdn.ip:8087/cat/3/a/0/live/smil:102.smil/102/102high/chunklist_1080274.ts?bcod=8bf7437b-457a-3a66-94ea-3ec5a50fc74f,central.cdn.ip,/central.cdn.ip:8087/cat/3/a/0/live/smil:102.smil/102/102high/chunklist_1080274.ts,.ts,chunk,1080274,200,OK,central.cdn.ip,8087,central.cdn.ip:8087,video/MP2T,1162216,video/mp2t,1162216,base64,1162384,168,430,810,,81,82,647,1796574.9613601237,1,0,0,1
2026-03-06T11:30:36.424+00:00,http://central.cdn.ip:8087/central.cdn.ip:8087/cat/3/a/0/live/smil:102.smil/102/102high/chunklist.m3u8?bcod=8bf7437b-457a-3a66-94ea-3ec5a50fc74f,central.cdn.ip,/central.cdn.ip:8087/cat/3/a/0/live/smil:102.smil/102/102high/chunklist.m3u8,.m3u8,manifest,,200,OK,central.cdn.ip,8087,central.cdn.ip:8087,application/x-mpegURL,2610,application/x-mpegurl,2610,,2766,156,424,248,81,81,83,0,,1,0,0,1
2026-03-06T11:30:37.239+00:00,http://central.cdn.ip:8087/central.cdn.ip:8087/cat/3/a/0/live/smil:102.smil/102/102high/chunklist_1080275.ts?bcod=8bf7437b-457a-3a66-94ea-3ec5a50fc74f,central.cdn.ip,/central.cdn.ip:8087/cat/3/a/0/live/smil:102.smil/102/102high/chunklist_1080275.ts,.ts,chunk,1080275,200,OK,central.cdn.ip,8087,central.cdn.ip:8087,video/MP2T,1164472,video/mp2t,1164472,base64,1164640,168,430,588,,0,82,506,2301660.0790513833,1,0,0,1
2026-03-06T11:30:42.429+00:00,http://central.cdn.ip:8087/central.cdn.ip:8087/cat/3/a/0/live/smil:102.smil/102/102high/chunklist.m3u8?bcod=8bf7437b-457a-3a66-94ea-3ec5a50fc74f,central.cdn.ip,/central.cdn.ip:8087/cat/3/a/0/live/smil:102.smil/102/102high/chunklist.m3u8,.m3u8,manifest,,200,OK,central.cdn.ip,8087,central.cdn.ip:8087,application/x-mpegURL,2610,application/x-mpegurl,2610,,2766,156,424,247,80,81,82,0,,1,0,0,1
2026-03-06T11:30:42.699+00:00,http://central.cdn.ip:8087/central.cdn.ip:8087/cat/3/a/0/live/smil:102.smil/102/102high/chunklist_1080276.ts?bcod=8bf7437b-457a-3a66-94ea-3ec5a50fc74f,central.cdn.ip,/central.cdn.ip:8087/cat/3/a/0/live/smil:102.smil/102/102high/chunklist_1080276.ts,.ts,chunk,1080276,200,OK,central.cdn.ip,8087,central.cdn.ip:8087,video/MP2T,1164660,video/mp2t,1164660,base64,1164828,168,430,589,,0,82,507,2297491.124260355,1,0,0,1
2026-03-06T11:30:48.433+00:00,http://central.cdn.ip:8087/central.cdn.ip:8087/cat/3/a/0/live/smil:102.smil/102/102high/chunklist.m3u8?bcod=8bf7437b-457a-3a66-94ea-3ec5a50fc74f,central.cdn.ip,/central.cdn.ip:8087/cat/3/a/0/live/smil:102.smil/102/102high/chunklist.m3u8,.m3u8,manifest,,200,OK,central.cdn.ip,8087,central.cdn.ip:8087,application/x-mpegURL,2610,application/x-mpegurl,2610,,2766,156,424,247,81,81,82,0,,1,0,0,1
2026-03-06T11:30:48.835+00:00,http://central.cdn.ip:8087/central.cdn.ip:8087/cat/3/a/0/live/smil:102.smil/102/102high/chunklist_1080277.ts?bcod=8bf7437b-457a-3a66-94ea-3ec5a50fc74f,central.cdn.ip,/central.cdn.ip:8087/cat/3/a/0/live/smil:102.smil/102/102high/chunklist_1080277.ts,.ts,chunk,1080277,200,OK,central.cdn.ip,8087,central.cdn.ip:8087,video/MP2T,1162592,video/mp2t,1162592,base64,1162760,168,430,606,,0,82,524,2219007.633587786,1,0,0,1
2026-03-06T11:30:52.848+00:00,http://central.cdn.ip/getStreamer/live/120?bcod=8bf7437b-457a-3a66-94ea-3ec5a50fc74f,central.cdn.ip,/getStreamer/live/120,,other,,200,OK,central.cdn.ip,80,central.cdn.ip,text/plain,69,text/plain,52,,447,378,423,253,80,81,92,0,,1,0,0,0
2026-03-06T11:30:53.115+00:00,http://central2.cdn.ip:30082/central.cdn.ip:8087/cat/3/a/0/live/smil:120.smil/playlist.m3u8?DVR=true&bcod=8bf7437b-457a-3a66-94ea-3ec5a50fc74f,central2.cdn.ip,/central.cdn.ip:8087/cat/3/a/0/live/smil:120.smil/playlist.m3u8,.m3u8,manifest,,400,Bad Request,central2.cdn.ip,30082,central2.cdn.ip:30082,text/plain; charset=UTF-8,,text/plain; charset=UTF-8,26,,146,120,436,6491,80,81,89,6241,23.393686909149174,0,0,1,1
2026-03-06T11:30:59.187+00:00,http://central.cdn.ip/getStreamer/live/102?bcod=8bf7437b-457a-3a66-94ea-3ec5a50fc74f,central.cdn.ip,/getStreamer/live/102,,other,,200,OK,central.cdn.ip,80,central.cdn.ip,text/plain,69,text/plain,49,,447,378,423,249,72,81,93,0,,1,0,0,0
2026-03-06T11:30:59.566+00:00,http://central.cdn.local.ip:30080/central.cdn.ip:8087/cat/3/a/0/live/smil:102.smil/playlist.m3u8?DVR=true&bcod=8bf7437b-457a-3a66-94ea-3ec5a50fc74f,central.cdn.local.ip,/central.cdn.ip:8087/cat/3/a/0/live/smil:102.smil/playlist.m3u8,.m3u8,manifest,,0,,,,central.cdn.local.ip:30080,,,,0,base64,0,0,433,0,,0,0,0,,0,0,0,1
2026-03-06T11:31:06.462+00:00,http://central.cdn.ip/getStreamer/live/102?bcod=8bf7437b-457a-3a66-94ea-3ec5a50fc74f,central.cdn.ip,/getStreamer/live/102,,other,,200,OK,central.cdn.ip,80,central.cdn.ip,text/plain,67,text/plain,45,,445,378,423,252,79,81,92,0,,1,0,0,0
2026-03-06T11:31:06.679+00:00,http://edge.cdn.local.ip:30080/central.cdn.ip:8087/cat/3/a/0/live/smil:102.smil/playlist.m3u8?DVR=true&bcod=8bf7437b-457a-3a66-94ea-3ec5a50fc74f,edge.cdn.local.ip,/central.cdn.ip:8087/cat/3/a/0/live/smil:102.smil/playlist.m3u8,.m3u8,manifest,,200,OK,edge.cdn.local.ip,30080,edge.cdn.local.ip:30080,application/x-mpegURL,143,application/x-mpegurl,143,,301,158,429,173,1,0,172,0,,1,0,0,1
2026-03-06T11:31:06.933+00:00,http://edge.cdn.local.ip:30080/central.cdn.ip:8087/cat/3/a/0/live/smil:102.smil/102/102high/chunklist.m3u8?bcod=8bf7437b-457a-3a66-94ea-3ec5a50fc74f,edge.cdn.local.ip,/central.cdn.ip:8087/cat/3/a/0/live/smil:102.smil/102/102high/chunklist.m3u8,.m3u8,manifest,,200,OK,edge.cdn.local.ip,30080,edge.cdn.local.ip:30080,application/x-mpegURL,2610,application/x-mpegurl,2610,,2769,159,418,86,,0,86,0,,1,0,0,1
2026-03-06T11:31:08.226+00:00,http://edge.cdn.local.ip:30080/central.cdn.ip:8087/cat/3/a/0/live/smil:102.smil/102/102high/chunklist_1080278.ts?bcod=8bf7437b-457a-3a66-94ea-3ec5a50fc74f,edge.cdn.local.ip,/central.cdn.ip:8087/cat/3/a/0/live/smil:102.smil/102/102high/chunklist_1080278.ts,.ts,chunk,1080278,200,OK,edge.cdn.local.ip,30080,edge.cdn.local.ip:30080,video/MP2T,1168232,video/mp2t,1168232,base64,1168383,151,424,605,,0,600,5,233676600.0,1,0,0,1
2026-03-06T11:31:08.967+00:00,http://edge.cdn.local.ip:30080/central.cdn.ip:8087/cat/3/a/0/live/smil:102.smil/102/102high/chunklist_1080279.ts?bcod=8bf7437b-457a-3a66-94ea-3ec5a50fc74f,edge.cdn.local.ip,/central.cdn.ip:8087/cat/3/a/0/live/smil:102.smil/102/102high/chunklist_1080279.ts,.ts,chunk,1080279,200,OK,edge.cdn.local.ip,30080,edge.cdn.local.ip:30080,video/MP2T,1170488,video/mp2t,1170488,base64,1170639,151,424,740,0,0,682,58,20183431.03448276,1,0,0,1
2026-03-06T11:31:09.809+00:00,http://edge.cdn.local.ip:30080/central.cdn.ip:8087/cat/3/a/0/live/smil:102.smil/102/102high/chunklist_1080280.ts?bcod=8bf7437b-457a-3a66-94ea-3ec5a50fc74f,edge.cdn.local.ip,/central.cdn.ip:8087/cat/3/a/0/live/smil:102.smil/102/102high/chunklist_1080280.ts,.ts,chunk,1080280,200,OK,edge.cdn.local.ip,30080,edge.cdn.local.ip:30080,video/MP2T,1164848,video/mp2t,1164848,base64,1164999,151,424,762,1,0,679,82,14207304.87804878,1,0,0,1
2026-03-06T11:31:12.939+00:00,http://edge.cdn.local.ip:30080/central.cdn.ip:8087/cat/3/a/0/live/smil:102.smil/102/102high/chunklist.m3u8?bcod=8bf7437b-457a-3a66-94ea-3ec5a50fc74f,edge.cdn.local.ip,/central.cdn.ip:8087/cat/3/a/0/live/smil:102.smil/102/102high/chunklist.m3u8,.m3u8,manifest,,200,OK,edge.cdn.local.ip,30080,edge.cdn.local.ip:30080,application/x-mpegURL,2610,application/x-mpegurl,2610,,2769,159,418,168,,0,168,0,,1,0,0,1
2026-03-06T11:31:13.132+00:00,http://edge.cdn.local.ip:30080/central.cdn.ip:8087/cat/3/a/0/live/smil:102.smil/102/102high/chunklist_1080281.ts?bcod=8bf7437b-457a-3a66-94ea-3ec5a50fc74f,edge.cdn.local.ip,/central.cdn.ip:8087/cat/3/a/0/live/smil:102.smil/102/102high/chunklist_1080281.ts,.ts,chunk,1080281,200,OK,edge.cdn.local.ip,30080,edge.cdn.local.ip:30080,video/MP2T,1167480,video/mp2t,1167480,base64,1167631,151,424,611,0,0,604,7,166804428.57142857,1,0,0,1
2026-03-06T11:31:18.972+00:00,http://edge.cdn.local.ip:30080/central.cdn.ip:8087/cat/3/a/0/live/smil:102.smil/102/102high/chunklist.m3u8?bcod=8bf7437b-457a-3a66-94ea-3ec5a50fc74f,edge.cdn.local.ip,/central.cdn.ip:8087/cat/3/a/0/live/smil:102.smil/102/102high/chunklist.m3u8,.m3u8,manifest,,200,OK,edge.cdn.local.ip,30080,edge.cdn.local.ip:30080,application/x-mpegURL,2610,application/x-mpegurl,2610,,2769,159,418,167,,0,167,0,,1,0,0,1
2026-03-06T11:31:27.672+00:00,http://edge.cdn.local.ip:30080/central.cdn.ip:8087/cat/3/a/0/live/smil:102.smil/102/102high/chunklist_1080282.ts?bcod=8bf7437b-457a-3a66-94ea-3ec5a50fc74f,edge.cdn.local.ip,/central.cdn.ip:8087/cat/3/a/0/live/smil:102.smil/102/102high/chunklist_1080282.ts,.ts,chunk,1080282,200,OK,edge.cdn.local.ip,30080,edge.cdn.local.ip:30080,video/MP2T,1180264,video/mp2t,1180264,base64,1180415,151,424,1911,,0,682,1229,960467.8600488201,1,0,0,1
2026-03-06T11:31:27.679+00:00,http://edge.cdn.local.ip:30080/central.cdn.ip:8087/cat/3/a/0/live/smil:102.smil/102/102high/chunklist.m3u8?bcod=8bf7437b-457a-3a66-94ea-3ec5a50fc74f,edge.cdn.local.ip,/central.cdn.ip:8087/cat/3/a/0/live/smil:102.smil/102/102high/chunklist.m3u8,.m3u8,manifest,,200,OK,edge.cdn.local.ip,30080,edge.cdn.local.ip:30080,application/x-mpegURL,2610,application/x-mpegurl,2610,,2769,159,418,185,,0,185,0,,1,0,0,1
2026-03-06T11:31:29.891+00:00,http://edge.cdn.local.ip:30080/central.cdn.ip:8087/cat/3/a/0/live/smil:102.smil/102/102high/chunklist_1080283.ts?bcod=8bf7437b-457a-3a66-94ea-3ec5a50fc74f,edge.cdn.local.ip,/central.cdn.ip:8087/cat/3/a/0/live/smil:102.smil/102/102high/chunklist_1080283.ts,.ts,chunk,1080283,200,OK,edge.cdn.local.ip,30080,edge.cdn.local.ip:30080,video/MP2T,1158080,video/mp2t,1158080,base64,1158231,151,424,2003,,0,692,1311,883471.395881007,1,0,0,1
2026-03-06T11:31:32.330+00:00,http://edge.cdn.local.ip:30080/central.cdn.ip:8087/cat/3/a/0/live/smil:102.smil/102/102high/chunklist.m3u8?bcod=8bf7437b-457a-3a66-94ea-3ec5a50fc74f,edge.cdn.local.ip,/central.cdn.ip:8087/cat/3/a/0/live/smil:102.smil/102/102high/chunklist.m3u8,.m3u8,manifest,,200,OK,edge.cdn.local.ip,30080,edge.cdn.local.ip:30080,application/x-mpegURL,2610,application/x-mpegurl,2610,,2769,159,418,167,,0,167,0,,1,0,0,1
2026-03-06T11:31:35.265+00:00,http://edge.cdn.local.ip:30080/central.cdn.ip:8087/cat/3/a/0/live/smil:102.smil/102/102high/chunklist_1080284.ts?bcod=8bf7437b-457a-3a66-94ea-3ec5a50fc74f,edge.cdn.local.ip,/central.cdn.ip:8087/cat/3/a/0/live/smil:102.smil/102/102high/chunklist_1080284.ts,.ts,chunk,1080284,200,OK,edge.cdn.local.ip,30080,edge.cdn.local.ip:30080,video/MP2T,1166728,video/mp2t,1166728,base64,1166879,151,424,2051,0,0,597,1454,802530.2613480055,1,0,0,1
2026-03-06T11:31:38.350+00:00,http://edge.cdn.local.ip:30080/central.cdn.ip:8087/cat/3/a/0/live/smil:102.smil/102/102high/chunklist.m3u8?bcod=8bf7437b-457a-3a66-94ea-3ec5a50fc74f,edge.cdn.local.ip,/central.cdn.ip:8087/cat/3/a/0/live/smil:102.smil/102/102high/chunklist.m3u8,.m3u8,manifest,,200,OK,edge.cdn.local.ip,30080,edge.cdn.local.ip:30080,application/x-mpegURL,2610,application/x-mpegurl,2610,,2769,159,418,167,,0,167,0,,1,0,0,1
2026-03-06T11:31:41.847+00:00,http://edge.cdn.local.ip:30080/central.cdn.ip:8087/cat/3/a/0/live/smil:102.smil/102/102high/chunklist_1080285.ts?bcod=8bf7437b-457a-3a66-94ea-3ec5a50fc74f,edge.cdn.local.ip,/central.cdn.ip:8087/cat/3/a/0/live/smil:102.smil/102/102high/chunklist_1080285.ts,.ts,chunk,1080285,200,OK,edge.cdn.local.ip,30080,edge.cdn.local.ip:30080,video/MP2T,1175188,video/mp2t,1175188,base64,1175339,151,424,1213,,0,598,615,1911120.325203252,1,0,0,1
2026-03-06T11:31:44.031+00:00,http://edge.cdn.local.ip:30080/central.cdn.ip:8087/cat/3/a/0/live/smil:102.smil/102/102high/chunklist.m3u8?bcod=8bf7437b-457a-3a66-94ea-3ec5a50fc74f,edge.cdn.local.ip,/central.cdn.ip:8087/cat/3/a/0/live/smil:102.smil/102/102high/chunklist.m3u8,.m3u8,manifest,,200,OK,edge.cdn.local.ip,30080,edge.cdn.local.ip:30080,application/x-mpegURL,2610,application/x-mpegurl,2610,,2769,159,418,167,,0,167,0,,1,0,0,1
2026-03-06T11:32:06.950+00:00,http://edge.cdn.local.ip:30080/central.cdn.ip:8087/cat/3/a/0/live/smil:102.smil/102/102high/chunklist.m3u8?bcod=8bf7437b-457a-3a66-94ea-3ec5a50fc74f,edge.cdn.local.ip,/central.cdn.ip:8087/cat/3/a/0/live/smil:102.smil/102/102high/chunklist.m3u8,.m3u8,manifest,,200,OK,edge.cdn.local.ip,30080,edge.cdn.local.ip:30080,application/x-mpegURL,2610,application/x-mpegurl,2610,,2769,159,418,171,,0,171,0,,1,0,0,1
2026-03-06T11:32:17.204+00:00,http://edge.cdn.local.ip:30080/central.cdn.ip:8087/cat/3/a/0/live/smil:102.smil/102/102high/chunklist.m3u8?bcod=8bf7437b-457a-3a66-94ea-3ec5a50fc74f,edge.cdn.local.ip,/central.cdn.ip:8087/cat/3/a/0/live/smil:102.smil/102/102high/chunklist.m3u8,.m3u8,manifest,,200,OK,edge.cdn.local.ip,30080,edge.cdn.local.ip:30080,application/x-mpegURL,2610,application/x-mpegurl,2610,,2769,159,418,174,,0,174,0,,1,0,0,1
2026-03-06T11:32:18.429+00:00,http://edge.cdn.local.ip:30080/central.cdn.ip:8087/cat/3/a/0/live/smil:102.smil/102/102high/chunklist_1080290.ts?bcod=8bf7437b-457a-3a66-94ea-3ec5a50fc74f,edge.cdn.local.ip,/central.cdn.ip:8087/cat/3/a/0/live/smil:102.smil/102/102high/chunklist_1080290.ts,.ts,chunk,1080290,200,OK,edge.cdn.local.ip,30080,edge.cdn.local.ip:30080,video/MP2T,1166916,video/mp2t,1166916,base64,1167067,151,424,611,0,0,599,12,97255583.33333333,1,0,0,1
2026-03-06T11:32:19.160+00:00,http://edge.cdn.local.ip:30080/central.cdn.ip:8087/cat/3/a/0/live/smil:102.smil/102/102high/chunklist_1080291.ts?bcod=8bf7437b-457a-3a66-94ea-3ec5a50fc74f,edge.cdn.local.ip,/central.cdn.ip:8087/cat/3/a/0/live/smil:102.smil/102/102high/chunklist_1080291.ts,.ts,chunk,1080291,200,OK,edge.cdn.local.ip,30080,edge.cdn.local.ip:30080,video/MP2T,1152628,video/mp2t,1152628,base64,1152779,151,424,684,,0,678,6,192129833.33333334,1,0,0,1
2026-03-06T11:32:23.830+00:00,http://edge.cdn.local.ip:30080/central.cdn.ip:8087/cat/3/a/0/live/smil:102.smil/102/102high/chunklist.m3u8?bcod=8bf7437b-457a-3a66-94ea-3ec5a50fc74f,edge.cdn.local.ip,/central.cdn.ip:8087/cat/3/a/0/live/smil:102.smil/102/102high/chunklist.m3u8,.m3u8,manifest,,200,OK,edge.cdn.local.ip,30080,edge.cdn.local.ip:30080,application/x-mpegURL,2610,application/x-mpegurl,2610,,2769,159,418,167,,0,167,0,,1,0,0,1
2026-03-06T11:32:24.010+00:00,http://edge.cdn.local.ip:30080/central.cdn.ip:8087/cat/3/a/0/live/smil:102.smil/102/102high/chunklist_1080292.ts?bcod=8bf7437b-457a-3a66-94ea-3ec5a50fc74f,edge.cdn.local.ip,/central.cdn.ip:8087/cat/3/a/0/live/smil:102.smil/102/102high/chunklist_1080292.ts,.ts,chunk,1080292,200,OK,edge.cdn.local.ip,30080,edge.cdn.local.ip:30080,video/MP2T,1232904,video/mp2t,1232904,base64,1233055,151,424,3228,,0,604,2624,469914.2530487805,1,0,0,1
2026-03-06T11:32:27.382+00:00,http://edge.cdn.local.ip:30080/central.cdn.ip:8087/cat/3/a/0/live/smil:102.smil/102/102high/chunklist_1080293.ts?bcod=8bf7437b-457a-3a66-94ea-3ec5a50fc74f,edge.cdn.local.ip,/central.cdn.ip:8087/cat/3/a/0/live/smil:102.smil/102/102high/chunklist_1080293.ts,.ts,chunk,1080293,200,OK,edge.cdn.local.ip,30080,edge.cdn.local.ip:30080,video/MP2T,1111832,video/mp2t,1111832,base64,1111983,151,424,9887,0,0,674,9213,120697.16704656465,1,0,0,1
2026-03-06T11:32:27.717+00:00,http://edge.cdn.local.ip:30080/central.cdn.ip:8087/cat/3/a/0/live/smil:102.smil/102/102high/chunklist.m3u8?bcod=8bf7437b-457a-3a66-94ea-3ec5a50fc74f,edge.cdn.local.ip,/central.cdn.ip:8087/cat/3/a/0/live/smil:102.smil/102/102high/chunklist.m3u8,.m3u8,manifest,,200,OK,edge.cdn.local.ip,30080,edge.cdn.local.ip:30080,application/x-mpegURL,2610,application/x-mpegurl,2610,,2769,159,418,175,,0,175,0,,1,0,0,1
2026-03-06T11:32:38.795+00:00,http://edge.cdn.local.ip:30080/central.cdn.ip:8087/cat/3/a/0/live/smil:102.smil/102/102high/chunklist.m3u8?bcod=8bf7437b-457a-3a66-94ea-3ec5a50fc74f,edge.cdn.local.ip,/central.cdn.ip:8087/cat/3/a/0/live/smil:102.smil/102/102high/chunklist.m3u8,.m3u8,manifest,,200,OK,edge.cdn.local.ip,30080,edge.cdn.local.ip:30080,application/x-mpegURL,2610,application/x-mpegurl,2610,,2769,159,418,168,,0,168,0,,1,0,0,1
2026-03-06T11:32:38.976+00:00,http://edge.cdn.local.ip:30080/central.cdn.ip:8087/cat/3/a/0/live/smil:102.smil/102/102high/chunklist_1080294.ts?bcod=8bf7437b-457a-3a66-94ea-3ec5a50fc74f,edge.cdn.local.ip,/central.cdn.ip:8087/cat/3/a/0/live/smil:102.smil/102/102high/chunklist_1080294.ts,.ts,chunk,1080294,200,OK,edge.cdn.local.ip,30080,edge.cdn.local.ip:30080,video/MP2T,1160524,video/mp2t,1160524,base64,1160675,151,424,1158,,0,599,559,2076341.6815742396,1,0,0,1
2026-03-06T11:32:40.246+00:00,http://edge.cdn.local.ip:30080/central.cdn.ip:8087/cat/3/a/0/live/smil:102.smil/102/102high/chunklist_1080295.ts?bcod=8bf7437b-457a-3a66-94ea-3ec5a50fc74f,edge.cdn.local.ip,/central.cdn.ip:8087/cat/3/a/0/live/smil:102.smil/102/102high/chunklist_1080295.ts,.ts,chunk,1080295,200,OK,edge.cdn.local.ip,30080,edge.cdn.local.ip:30080,video/MP2T,1182520,video/mp2t,1182520,base64,1182671,151,424,685,0,0,680,5,236534200.0,1,0,0,1
2026-03-06T11:32:44.934+00:00,http://edge.cdn.local.ip:30080/central.cdn.ip:8087/cat/3/a/0/live/smil:102.smil/102/102high/chunklist.m3u8?bcod=8bf7437b-457a-3a66-94ea-3ec5a50fc74f,edge.cdn.local.ip,/central.cdn.ip:8087/cat/3/a/0/live/smil:102.smil/102/102high/chunklist.m3u8,.m3u8,manifest,,200,OK,edge.cdn.local.ip,30080,edge.cdn.local.ip:30080,application/x-mpegURL,2610,application/x-mpegurl,2610,,2769,159,418,169,0,0,169,0,,1,0,0,1
2026-03-06T11:32:47.634+00:00,http://edge.cdn.local.ip:30080/central.cdn.ip:8087/cat/3/a/0/live/smil:102.smil/102/102high/chunklist_1080296.ts?bcod=8bf7437b-457a-3a66-94ea-3ec5a50fc74f,edge.cdn.local.ip,/central.cdn.ip:8087/cat/3/a/0/live/smil:102.smil/102/102high/chunklist_1080296.ts,.ts,chunk,1080296,200,OK,edge.cdn.local.ip,30080,edge.cdn.local.ip:30080,video/MP2T,1150184,video/mp2t,1150184,base64,1150335,151,424,1339,,0,598,741,1552408.906882591,1,0,0,1
2026-03-06T11:32:51.310+00:00,http://edge.cdn.local.ip:30080/central.cdn.ip:8087/cat/3/a/0/live/smil:102.smil/102/102high/chunklist.m3u8?bcod=8bf7437b-457a-3a66-94ea-3ec5a50fc74f,edge.cdn.local.ip,/central.cdn.ip:8087/cat/3/a/0/live/smil:102.smil/102/102high/chunklist.m3u8,.m3u8,manifest,,200,OK,edge.cdn.local.ip,30080,edge.cdn.local.ip:30080,application/x-mpegURL,2610,application/x-mpegurl,2610,,2769,159,418,168,,0,168,0,,1,0,0,1
2026-03-06T11:32:51.788+00:00,http://edge.cdn.local.ip:30080/central.cdn.ip:8087/cat/3/a/0/live/smil:102.smil/102/102high/chunklist_1080297.ts?bcod=8bf7437b-457a-3a66-94ea-3ec5a50fc74f,edge.cdn.local.ip,/central.cdn.ip:8087/cat/3/a/0/live/smil:102.smil/102/102high/chunklist_1080297.ts,.ts,chunk,1080297,200,OK,edge.cdn.local.ip,30080,edge.cdn.local.ip:30080,video/MP2T,1168796,video/mp2t,1168796,base64,1168947,151,424,2503,1,0,598,1904,613942.7521008403,1,0,0,1
2026-03-06T11:32:56.278+00:00,http://edge.cdn.local.ip:30080/central.cdn.ip:8087/cat/3/a/0/live/smil:102.smil/102/102high/chunklist.m3u8?bcod=8bf7437b-457a-3a66-94ea-3ec5a50fc74f,edge.cdn.local.ip,/central.cdn.ip:8087/cat/3/a/0/live/smil:102.smil/102/102high/chunklist.m3u8,.m3u8,manifest,,200,OK,edge.cdn.local.ip,30080,edge.cdn.local.ip:30080,application/x-mpegURL,2610,application/x-mpegurl,2610,,2769,159,418,167,,0,167,0,,1,0,0,1
2026-03-06T11:32:56.553+00:00,http://edge.cdn.local.ip:30080/central.cdn.ip:8087/cat/3/a/0/live/smil:102.smil/102/102high/chunklist_1080298.ts?bcod=8bf7437b-457a-3a66-94ea-3ec5a50fc74f,edge.cdn.local.ip,/central.cdn.ip:8087/cat/3/a/0/live/smil:102.smil/102/102high/chunklist_1080298.ts,.ts,chunk,1080298,200,OK,edge.cdn.local.ip,30080,edge.cdn.local.ip:30080,video/MP2T,1244936,video/mp2t,1244936,base64,1245087,151,424,609,0,0,605,4,311271750.0,1,0,0,1
2026-03-06T11:33:02.282+00:00,http://edge.cdn.local.ip:30080/central.cdn.ip:8087/cat/3/a/0/live/smil:102.smil/102/102high/chunklist.m3u8?bcod=8bf7437b-457a-3a66-94ea-3ec5a50fc74f,edge.cdn.local.ip,/central.cdn.ip:8087/cat/3/a/0/live/smil:102.smil/102/102high/chunklist.m3u8,.m3u8,manifest,,200,OK,edge.cdn.local.ip,30080,edge.cdn.local.ip:30080,application/x-mpegURL,2610,application/x-mpegurl,2610,,2769,159,418,172,0,0,172,0,,1,0,0,1
2026-03-06T11:33:02.469+00:00,http://edge.cdn.local.ip:30080/central.cdn.ip:8087/cat/3/a/0/live/smil:102.smil/102/102high/chunklist_1080299.ts?bcod=8bf7437b-457a-3a66-94ea-3ec5a50fc74f,edge.cdn.local.ip,/central.cdn.ip:8087/cat/3/a/0/live/smil:102.smil/102/102high/chunklist_1080299.ts,.ts,chunk,1080299,200,OK,edge.cdn.local.ip,30080,edge.cdn.local.ip:30080,video/MP2T,1079496,video/mp2t,1079496,base64,1079647,151,424,1679,0,0,594,1085,995066.3594470046,1,0,0,1
2026-03-06T11:33:08.287+00:00,http://edge.cdn.local.ip:30080/central.cdn.ip:8087/cat/3/a/0/live/smil:102.smil/102/102high/chunklist.m3u8?bcod=8bf7437b-457a-3a66-94ea-3ec5a50fc74f,edge.cdn.local.ip,/central.cdn.ip:8087/cat/3/a/0/live/smil:102.smil/102/102high/chunklist.m3u8,.m3u8,manifest,,200,OK,edge.cdn.local.ip,30080,edge.cdn.local.ip:30080,application/x-mpegURL,2610,application/x-mpegurl,2610,,2769,159,418,169,,0,169,0,,1,0,0,1
2026-03-06T11:33:08.704+00:00,http://edge.cdn.local.ip:30080/central.cdn.ip:8087/cat/3/a/0/live/smil:102.smil/102/102high/chunklist_1080300.ts?bcod=8bf7437b-457a-3a66-94ea-3ec5a50fc74f,edge.cdn.local.ip,/central.cdn.ip:8087/cat/3/a/0/live/smil:102.smil/102/102high/chunklist_1080300.ts,.ts,chunk,1080300,200,OK,edge.cdn.local.ip,30080,edge.cdn.local.ip:30080,video/MP2T,1175752,video/mp2t,1175752,base64,1175903,151,424,887,0,0,596,291,4040903.7800687286,1,0,0,1
2026-03-06T11:33:17.459+00:00,http://edge.cdn.local.ip:30080/central.cdn.ip:8087/cat/3/a/0/live/smil:102.smil/102/102high/chunklist.m3u8?bcod=8bf7437b-457a-3a66-94ea-3ec5a50fc74f,edge.cdn.local.ip,/central.cdn.ip:8087/cat/3/a/0/live/smil:102.smil/102/102high/chunklist.m3u8,.m3u8,manifest,,200,OK,edge.cdn.local.ip,30080,edge.cdn.local.ip:30080,application/x-mpegURL,2610,application/x-mpegurl,2610,,2769,159,418,171,,0,171,0,,1,0,0,1
2026-03-06T11:33:17.964+00:00,http://edge.cdn.local.ip:30080/central.cdn.ip:8087/cat/3/a/0/live/smil:102.smil/102/102high/chunklist_1080301.ts?bcod=8bf7437b-457a-3a66-94ea-3ec5a50fc74f,edge.cdn.local.ip,/central.cdn.ip:8087/cat/3/a/0/live/smil:102.smil/102/102high/chunklist_1080301.ts,.ts,chunk,1080301,200,OK,edge.cdn.local.ip,30080,edge.cdn.local.ip:30080,video/MP2T,1178572,video/mp2t,1178572,base64,1178723,151,424,940,0,0,602,338,3487346.1538461535,1,0,0,1
2026-03-06T11:33:20.297+00:00,http://edge.cdn.local.ip:30080/central.cdn.ip:8087/cat/3/a/0/live/smil:102.smil/102/102high/chunklist.m3u8?bcod=8bf7437b-457a-3a66-94ea-3ec5a50fc74f,edge.cdn.local.ip,/central.cdn.ip:8087/cat/3/a/0/live/smil:102.smil/102/102high/chunklist.m3u8,.m3u8,manifest,,200,OK,edge.cdn.local.ip,30080,edge.cdn.local.ip:30080,application/x-mpegURL,2610,application/x-mpegurl,2610,,2769,159,418,167,,0,167,0,,1,0,0,1
2026-03-06T11:33:20.985+00:00,http://edge.cdn.local.ip:30080/central.cdn.ip:8087/cat/3/a/0/live/smil:102.smil/102/102high/chunklist_1080302.ts?bcod=8bf7437b-457a-3a66-94ea-3ec5a50fc74f,edge.cdn.local.ip,/central.cdn.ip:8087/cat/3/a/0/live/smil:102.smil/102/102high/chunklist_1080302.ts,.ts,chunk,1080302,200,OK,edge.cdn.local.ip,30080,edge.cdn.local.ip:30080,video/MP2T,1178196,video/mp2t,1178196,base64,1178347,151,424,609,,0,600,9,130927444.44444445,1,0,0,1
2026-03-06T11:33:26.306+00:00,http://edge.cdn.local.ip:30080/central.cdn.ip:8087/cat/3/a/0/live/smil:102.smil/102/102high/chunklist.m3u8?bcod=8bf7437b-457a-3a66-94ea-3ec5a50fc74f,edge.cdn.local.ip,/central.cdn.ip:8087/cat/3/a/0/live/smil:102.smil/102/102high/chunklist.m3u8,.m3u8,manifest,,200,OK,edge.cdn.local.ip,30080,edge.cdn.local.ip:30080,application/x-mpegURL,2610,application/x-mpegurl,2610,,2769,159,418,169,,0,169,0,,1,0,0,1
2026-03-06T11:33:27.049+00:00,http://edge.cdn.local.ip:30080/central.cdn.ip:8087/cat/3/a/0/live/smil:102.smil/102/102high/chunklist_1080303.ts?bcod=8bf7437b-457a-3a66-94ea-3ec5a50fc74f,edge.cdn.local.ip,/central.cdn.ip:8087/cat/3/a/0/live/smil:102.smil/102/102high/chunklist_1080303.ts,.ts,chunk,1080303,200,OK,edge.cdn.local.ip,30080,edge.cdn.local.ip:30080,video/MP2T,1188912,video/mp2t,1188912,base64,1189063,151,424,612,,0,601,11,108096636.36363637,1,0,0,1
2026-03-06T11:33:32.312+00:00,http://edge.cdn.local.ip:30080/central.cdn.ip:8087/cat/3/a/0/live/smil:102.smil/102/102high/chunklist.m3u8?bcod=8bf7437b-457a-3a66-94ea-3ec5a50fc74f,edge.cdn.local.ip,/central.cdn.ip:8087/cat/3/a/0/live/smil:102.smil/102/102high/chunklist.m3u8,.m3u8,manifest,,200,OK,edge.cdn.local.ip,30080,edge.cdn.local.ip:30080,application/x-mpegURL,2610,application/x-mpegurl,2610,,2769,159,418,168,,0,168,0,,1,0,0,1
2026-03-06T11:33:32.667+00:00,http://edge.cdn.local.ip:30080/central.cdn.ip:8087/cat/3/a/0/live/smil:102.smil/102/102high/chunklist_1080304.ts?bcod=8bf7437b-457a-3a66-94ea-3ec5a50fc74f,edge.cdn.local.ip,/central.cdn.ip:8087/cat/3/a/0/live/smil:102.smil/102/102high/chunklist_1080304.ts,.ts,chunk,1080304,200,OK,edge.cdn.local.ip,30080,edge.cdn.local.ip:30080,video/MP2T,1242492,video/mp2t,1242492,base64,1242643,151,424,642,0,0,605,37,33584945.94594595,1,0,0,1
2026-03-06T11:33:39.352+00:00,http://edge.cdn.local.ip:30080/central.cdn.ip:8087/cat/3/a/0/live/smil:102.smil/102/102high/chunklist.m3u8?bcod=8bf7437b-457a-3a66-94ea-3ec5a50fc74f,edge.cdn.local.ip,/central.cdn.ip:8087/cat/3/a/0/live/smil:102.smil/102/102high/chunklist.m3u8,.m3u8,manifest,,200,OK,edge.cdn.local.ip,30080,edge.cdn.local.ip:30080,application/x-mpegURL,2610,application/x-mpegurl,2610,,2769,159,418,168,,0,168,0,,1,0,0,1
2026-03-06T11:33:40.399+00:00,http://edge.cdn.local.ip:30080/central.cdn.ip:8087/cat/3/a/0/live/smil:102.smil/102/102high/chunklist_1080305.ts?bcod=8bf7437b-457a-3a66-94ea-3ec5a50fc74f,edge.cdn.local.ip,/central.cdn.ip:8087/cat/3/a/0/live/smil:102.smil/102/102high/chunklist_1080305.ts,.ts,chunk,1080305,200,OK,edge.cdn.local.ip,30080,edge.cdn.local.ip:30080,video/MP2T,1034000,video/mp2t,1034000,base64,1034151,151,424,754,,0,584,170,6083241.176470588,1,0,0,1
2026-03-06T11:33:44.312+00:00,http://edge.cdn.local.ip:30080/central.cdn.ip:8087/cat/3/a/0/live/smil:102.smil/102/102high/chunklist.m3u8?bcod=8bf7437b-457a-3a66-94ea-3ec5a50fc74f,edge.cdn.local.ip,/central.cdn.ip:8087/cat/3/a/0/live/smil:102.smil/102/102high/chunklist.m3u8,.m3u8,manifest,,200,OK,edge.cdn.local.ip,30080,edge.cdn.local.ip:30080,application/x-mpegURL,2610,application/x-mpegurl,2610,,2769,159,418,167,,0,167,0,,1,0,0,1
2026-03-06T11:33:45.237+00:00,http://edge.cdn.local.ip:30080/central.cdn.ip:8087/cat/3/a/0/live/smil:102.smil/102/102high/chunklist_1080306.ts?bcod=8bf7437b-457a-3a66-94ea-3ec5a50fc74f,edge.cdn.local.ip,/central.cdn.ip:8087/cat/3/a/0/live/smil:102.smil/102/102high/chunklist_1080306.ts,.ts,chunk,1080306,200,OK,edge.cdn.local.ip,30080,edge.cdn.local.ip:30080,video/MP2T,1184024,video/mp2t,1184024,base64,1184175,151,424,1461,,0,601,860,1376947.6744186047,1,0,0,1
2026-03-06T11:33:50.660+00:00,http://edge.cdn.local.ip:30080/central.cdn.ip:8087/cat/3/a/0/live/smil:102.smil/102/102high/chunklist.m3u8?bcod=8bf7437b-457a-3a66-94ea-3ec5a50fc74f,edge.cdn.local.ip,/central.cdn.ip:8087/cat/3/a/0/live/smil:102.smil/102/102high/chunklist.m3u8,.m3u8,manifest,,200,OK,edge.cdn.local.ip,30080,edge.cdn.local.ip:30080,application/x-mpegURL,2610,application/x-mpegurl,2610,,2769,159,418,168,0,0,168,0,,1,0,0,1
2026-03-06T11:33:51.383+00:00,http://edge.cdn.local.ip:30080/central.cdn.ip:8087/cat/3/a/0/live/smil:102.smil/102/102high/chunklist_1080307.ts?bcod=8bf7437b-457a-3a66-94ea-3ec5a50fc74f,edge.cdn.local.ip,/central.cdn.ip:8087/cat/3/a/0/live/smil:102.smil/102/102high/chunklist_1080307.ts,.ts,chunk,1080307,200,OK,edge.cdn.local.ip,30080,edge.cdn.local.ip:30080,video/MP2T,1175940,video/mp2t,1175940,base64,1176091,151,424,848,,0,600,248,4742302.419354838,1,0,0,1
2026-03-06T11:33:56.325+00:00,http://edge.cdn.local.ip:30080/central.cdn.ip:8087/cat/3/a/0/live/smil:102.smil/102/102high/chunklist.m3u8?bcod=8bf7437b-457a-3a66-94ea-3ec5a50fc74f,edge.cdn.local.ip,/central.cdn.ip:8087/cat/3/a/0/live/smil:102.smil/102/102high/chunklist.m3u8,.m3u8,manifest,,200,OK,edge.cdn.local.ip,30080,edge.cdn.local.ip:30080,application/x-mpegURL,2610,application/x-mpegurl,2610,,2769,159,418,168,,0,168,0,,1,0,0,1
2026-03-06T11:33:57.203+00:00,http://edge.cdn.local.ip:30080/central.cdn.ip:8087/cat/3/a/0/live/smil:102.smil/102/102high/chunklist_1080308.ts?bcod=8bf7437b-457a-3a66-94ea-3ec5a50fc74f,edge.cdn.local.ip,/central.cdn.ip:8087/cat/3/a/0/live/smil:102.smil/102/102high/chunklist_1080308.ts,.ts,chunk,1080308,200,OK,edge.cdn.local.ip,30080,edge.cdn.local.ip:30080,video/MP2T,1167292,video/mp2t,1167292,base64,1167443,151,424,624,,0,601,23,50758391.30434783,1,0,0,1
2026-03-06T11:34:02.327+00:00,http://edge.cdn.local.ip:30080/central.cdn.ip:8087/cat/3/a/0/live/smil:102.smil/102/102high/chunklist.m3u8?bcod=8bf7437b-457a-3a66-94ea-3ec5a50fc74f,edge.cdn.local.ip,/central.cdn.ip:8087/cat/3/a/0/live/smil:102.smil/102/102high/chunklist.m3u8,.m3u8,manifest,,200,OK,edge.cdn.local.ip,30080,edge.cdn.local.ip:30080,application/x-mpegURL,2610,application/x-mpegurl,2610,,2769,159,418,169,,0,169,0,,1,0,0,1
2026-03-06T11:34:03.321+00:00,http://edge.cdn.local.ip:30080/central.cdn.ip:8087/cat/3/a/0/live/smil:102.smil/102/102high/chunklist_1080309.ts?bcod=8bf7437b-457a-3a66-94ea-3ec5a50fc74f,edge.cdn.local.ip,/central.cdn.ip:8087/cat/3/a/0/live/smil:102.smil/102/102high/chunklist_1080309.ts,.ts,chunk,1080309,200,OK,edge.cdn.local.ip,30080,edge.cdn.local.ip:30080,video/MP2T,1208088,video/mp2t,1208088,base64,1208239,151,424,789,,0,601,188,6426803.191489361,1,0,0,1
2026-03-06T11:34:08.328+00:00,http://edge.cdn.local.ip:30080/central.cdn.ip:8087/cat/3/a/0/live/smil:102.smil/102/102high/chunklist.m3u8?bcod=8bf7437b-457a-3a66-94ea-3ec5a50fc74f,edge.cdn.local.ip,/central.cdn.ip:8087/cat/3/a/0/live/smil:102.smil/102/102high/chunklist.m3u8,.m3u8,manifest,,200,OK,edge.cdn.local.ip,30080,edge.cdn.local.ip:30080,application/x-mpegURL,2610,application/x-mpegurl,2610,,2769,159,418,170,0,0,170,0,,1,0,0,1
2026-03-06T11:34:09.403+00:00,http://edge.cdn.local.ip:30080/central.cdn.ip:8087/cat/3/a/0/live/smil:102.smil/102/102high/chunklist_1080310.ts?bcod=8bf7437b-457a-3a66-94ea-3ec5a50fc74f,edge.cdn.local.ip,/central.cdn.ip:8087/cat/3/a/0/live/smil:102.smil/102/102high/chunklist_1080310.ts,.ts,chunk,1080310,200,OK,edge.cdn.local.ip,30080,edge.cdn.local.ip:30080,video/MP2T,1161088,video/mp2t,1161088,base64,1161239,151,424,606,,0,600,6,193539833.33333334,1,0,0,1
2026-03-06T11:34:14.327+00:00,http://edge.cdn.local.ip:30080/central.cdn.ip:8087/cat/3/a/0/live/smil:102.smil/102/102high/chunklist.m3u8?bcod=8bf7437b-457a-3a66-94ea-3ec5a50fc74f,edge.cdn.local.ip,/central.cdn.ip:8087/cat/3/a/0/live/smil:102.smil/102/102high/chunklist.m3u8,.m3u8,manifest,,200,OK,edge.cdn.local.ip,30080,edge.cdn.local.ip:30080,application/x-mpegURL,2610,application/x-mpegurl,2610,,2769,159,418,175,,0,175,0,,1,0,0,1
2026-03-06T11:34:14.680+00:00,http://edge.cdn.local.ip:30080/central.cdn.ip:8087/cat/3/a/0/live/smil:102.smil/102/102high/chunklist_1080311.ts?bcod=8bf7437b-457a-3a66-94ea-3ec5a50fc74f,edge.cdn.local.ip,/central.cdn.ip:8087/cat/3/a/0/live/smil:102.smil/102/102high/chunklist_1080311.ts,.ts,chunk,1080311,200,OK,edge.cdn.local.ip,30080,edge.cdn.local.ip:30080,video/MP2T,1342132,video/mp2t,1342132,base64,1342283,151,424,977,0,0,616,361,3718235.457063712,1,0,0,1
2026-03-06T11:34:20.329+00:00,http://edge.cdn.local.ip:30080/central.cdn.ip:8087/cat/3/a/0/live/smil:102.smil/102/102high/chunklist.m3u8?bcod=8bf7437b-457a-3a66-94ea-3ec5a50fc74f,edge.cdn.local.ip,/central.cdn.ip:8087/cat/3/a/0/live/smil:102.smil/102/102high/chunklist.m3u8,.m3u8,manifest,,200,OK,edge.cdn.local.ip,30080,edge.cdn.local.ip:30080,application/x-mpegURL,2610,application/x-mpegurl,2610,,2769,159,418,167,,0,167,0,,1,0,0,1
2026-03-06T11:34:21.131+00:00,http://edge.cdn.local.ip:30080/central.cdn.ip:8087/cat/3/a/0/live/smil:102.smil/102/102high/chunklist_1080312.ts?bcod=8bf7437b-457a-3a66-94ea-3ec5a50fc74f,edge.cdn.local.ip,/central.cdn.ip:8087/cat/3/a/0/live/smil:102.smil/102/102high/chunklist_1080312.ts,.ts,chunk,1080312,200,OK,edge.cdn.local.ip,30080,edge.cdn.local.ip:30080,video/MP2T,973840,video/mp2t,973840,base64,973990,150,424,624,0,0,581,43,22650930.232558142,1,0,0,1
2026-03-06T11:34:26.329+00:00,http://edge.cdn.local.ip:30080/central.cdn.ip:8087/cat/3/a/0/live/smil:102.smil/102/102high/chunklist.m3u8?bcod=8bf7437b-457a-3a66-94ea-3ec5a50fc74f,edge.cdn.local.ip,/central.cdn.ip:8087/cat/3/a/0/live/smil:102.smil/102/102high/chunklist.m3u8,.m3u8,manifest,,200,OK,edge.cdn.local.ip,30080,edge.cdn.local.ip:30080,application/x-mpegURL,2610,application/x-mpegurl,2610,,2769,159,418,169,,0,169,0,,1,0,0,1
2026-03-06T11:34:26.522+00:00,http://edge.cdn.local.ip:30080/central.cdn.ip:8087/cat/3/a/0/live/smil:102.smil/102/102high/chunklist_1080313.ts?bcod=8bf7437b-457a-3a66-94ea-3ec5a50fc74f,edge.cdn.local.ip,/central.cdn.ip:8087/cat/3/a/0/live/smil:102.smil/102/102high/chunklist_1080313.ts,.ts,chunk,1080313,200,OK,edge.cdn.local.ip,30080,edge.cdn.local.ip:30080,video/MP2T,1162404,video/mp2t,1162404,base64,1162555,151,424,986,0,0,599,387,3004018.087855297,1,0,0,1
2026-03-06T11:34:32.330+00:00,http://edge.cdn.local.ip:30080/central.cdn.ip:8087/cat/3/a/0/live/smil:102.smil/102/102high/chunklist.m3u8?bcod=8bf7437b-457a-3a66-94ea-3ec5a50fc74f,edge.cdn.local.ip,/central.cdn.ip:8087/cat/3/a/0/live/smil:102.smil/102/102high/chunklist.m3u8,.m3u8,manifest,,200,OK,edge.cdn.local.ip,30080,edge.cdn.local.ip:30080,application/x-mpegURL,2610,application/x-mpegurl,2610,,2769,159,418,168,,0,168,0,,1,0,0,1
2026-03-06T11:34:32.525+00:00,http://edge.cdn.local.ip:30080/central.cdn.ip:8087/cat/3/a/0/live/smil:102.smil/102/102high/chunklist_1080314.ts?bcod=8bf7437b-457a-3a66-94ea-3ec5a50fc74f,edge.cdn.local.ip,/central.cdn.ip:8087/cat/3/a/0/live/smil:102.smil/102/102high/chunklist_1080314.ts,.ts,chunk,1080314,200,OK,edge.cdn.local.ip,30080,edge.cdn.local.ip:30080,video/MP2T,1165600,video/mp2t,1165600,base64,1165751,151,424,742,1,0,600,141,8267737.588652483,1,0,0,1
2026-03-06T11:34:38.333+00:00,http://edge.cdn.local.ip:30080/central.cdn.ip:8087/cat/3/a/0/live/smil:102.smil/102/102high/chunklist.m3u8?bcod=8bf7437b-457a-3a66-94ea-3ec5a50fc74f,edge.cdn.local.ip,/central.cdn.ip:8087/cat/3/a/0/live/smil:102.smil/102/102high/chunklist.m3u8,.m3u8,manifest,,200,OK,edge.cdn.local.ip,30080,edge.cdn.local.ip:30080,application/x-mpegURL,2610,application/x-mpegurl,2610,,2769,159,418,169,0,0,169,0,,1,0,0,1
2026-03-06T11:34:38.622+00:00,http://edge.cdn.local.ip:30080/central.cdn.ip:8087/cat/3/a/0/live/smil:102.smil/102/102high/chunklist_1080315.ts?bcod=8bf7437b-457a-3a66-94ea-3ec5a50fc74f,edge.cdn.local.ip,/central.cdn.ip:8087/cat/3/a/0/live/smil:102.smil/102/102high/chunklist_1080315.ts,.ts,chunk,1080315,200,OK,edge.cdn.local.ip,30080,edge.cdn.local.ip:30080,video/MP2T,1204704,video/mp2t,1204704,base64,1204855,151,424,608,,0,600,8,150606875.0,1,0,0,1
2026-03-06T11:34:44.333+00:00,http://edge.cdn.local.ip:30080/central.cdn.ip:8087/cat/3/a/0/live/smil:102.smil/102/102high/chunklist.m3u8?bcod=8bf7437b-457a-3a66-94ea-3ec5a50fc74f,edge.cdn.local.ip,/central.cdn.ip:8087/cat/3/a/0/live/smil:102.smil/102/102high/chunklist.m3u8,.m3u8,manifest,,200,OK,edge.cdn.local.ip,30080,edge.cdn.local.ip:30080,application/x-mpegURL,2610,application/x-mpegurl,2610,,2769,159,418,168,,0,168,0,,1,0,0,1
2026-03-06T11:34:46.673+00:00,http://edge.cdn.local.ip:30080/central.cdn.ip:8087/cat/3/a/0/live/smil:102.smil/102/102high/chunklist_1080316.ts?bcod=8bf7437b-457a-3a66-94ea-3ec5a50fc74f,edge.cdn.local.ip,/central.cdn.ip:8087/cat/3/a/0/live/smil:102.smil/102/102high/chunklist_1080316.ts,.ts,chunk,1080316,200,OK,edge.cdn.local.ip,30080,edge.cdn.local.ip:30080,video/MP2T,1114088,video/mp2t,1114088,base64,1114239,151,424,628,,0,593,35,31835399.999999996,1,0,0,1
2026-03-06T11:34:50.335+00:00,http://edge.cdn.local.ip:30080/central.cdn.ip:8087/cat/3/a/0/live/smil:102.smil/102/102high/chunklist.m3u8?bcod=8bf7437b-457a-3a66-94ea-3ec5a50fc74f,edge.cdn.local.ip,/central.cdn.ip:8087/cat/3/a/0/live/smil:102.smil/102/102high/chunklist.m3u8,.m3u8,manifest,,200,OK,edge.cdn.local.ip,30080,edge.cdn.local.ip:30080,application/x-mpegURL,2610,application/x-mpegurl,2610,,2769,159,418,184,0,0,184,0,,1,0,0,1
2026-03-06T11:34:51.241+00:00,http://edge.cdn.local.ip:30080/central.cdn.ip:8087/cat/3/a/0/live/smil:102.smil/102/102high/chunklist_1080317.ts?bcod=8bf7437b-457a-3a66-94ea-3ec5a50fc74f,edge.cdn.local.ip,/central.cdn.ip:8087/cat/3/a/0/live/smil:102.smil/102/102high/chunklist_1080317.ts,.ts,chunk,1080317,200,OK,edge.cdn.local.ip,30080,edge.cdn.local.ip:30080,video/MP2T,1237980,video/mp2t,1237980,base64,1238131,151,424,755,,0,604,151,8199543.046357616,1,0,0,1
2026-03-06T11:34:56.335+00:00,http://edge.cdn.local.ip:30080/central.cdn.ip:8087/cat/3/a/0/live/smil:102.smil/102/102high/chunklist.m3u8?bcod=8bf7437b-457a-3a66-94ea-3ec5a50fc74f,edge.cdn.local.ip,/central.cdn.ip:8087/cat/3/a/0/live/smil:102.smil/102/102high/chunklist.m3u8,.m3u8,manifest,,200,OK,edge.cdn.local.ip,30080,edge.cdn.local.ip:30080,application/x-mpegURL,2610,application/x-mpegurl,2610,,2769,159,418,168,,0,168,0,,1,0,0,1
2026-03-06T11:34:57.133+00:00,http://edge.cdn.local.ip:30080/central.cdn.ip:8087/cat/3/a/0/live/smil:102.smil/102/102high/chunklist_1080318.ts?bcod=8bf7437b-457a-3a66-94ea-3ec5a50fc74f,edge.cdn.local.ip,/central.cdn.ip:8087/cat/3/a/0/live/smil:102.smil/102/102high/chunklist_1080318.ts,.ts,chunk,1080318,200,OK,edge.cdn.local.ip,30080,edge.cdn.local.ip:30080,video/MP2T,1135896,video/mp2t,1135896,base64,1136047,151,424,827,,0,595,232,4896754.310344827,1,0,0,1
2026-03-06T11:35:02.336+00:00,http://edge.cdn.local.ip:30080/central.cdn.ip:8087/cat/3/a/0/live/smil:102.smil/102/102high/chunklist.m3u8?bcod=8bf7437b-457a-3a66-94ea-3ec5a50fc74f,edge.cdn.local.ip,/central.cdn.ip:8087/cat/3/a/0/live/smil:102.smil/102/102high/chunklist.m3u8,.m3u8,manifest,,200,OK,edge.cdn.local.ip,30080,edge.cdn.local.ip:30080,application/x-mpegURL,2610,application/x-mpegurl,2610,,2769,159,418,170,,0,170,0,,1,0,0,1
2026-03-06T11:35:03.183+00:00,http://edge.cdn.local.ip:30080/central.cdn.ip:8087/cat/3/a/0/live/smil:102.smil/102/102high/chunklist_1080319.ts?bcod=8bf7437b-457a-3a66-94ea-3ec5a50fc74f,edge.cdn.local.ip,/central.cdn.ip:8087/cat/3/a/0/live/smil:102.smil/102/102high/chunklist_1080319.ts,.ts,chunk,1080319,200,OK,edge.cdn.local.ip,30080,edge.cdn.local.ip:30080,video/MP2T,1149620,video/mp2t,1149620,base64,1149771,151,424,754,,0,597,157,7323382.165605095,1,0,0,1
2026-03-06T11:35:08.336+00:00,http://edge.cdn.local.ip:30080/central.cdn.ip:8087/cat/3/a/0/live/smil:102.smil/102/102high/chunklist.m3u8?bcod=8bf7437b-457a-3a66-94ea-3ec5a50fc74f,edge.cdn.local.ip,/central.cdn.ip:8087/cat/3/a/0/live/smil:102.smil/102/102high/chunklist.m3u8,.m3u8,manifest,,200,OK,edge.cdn.local.ip,30080,edge.cdn.local.ip:30080,application/x-mpegURL,2610,application/x-mpegurl,2610,,2769,159,418,167,,0,167,0,,1,0,0,1
2026-03-06T11:35:08.853+00:00,http://edge.cdn.local.ip:30080/central.cdn.ip:8087/cat/3/a/0/live/smil:102.smil/102/102high/chunklist_1080320.ts?bcod=8bf7437b-457a-3a66-94ea-3ec5a50fc74f,edge.cdn.local.ip,/central.cdn.ip:8087/cat/3/a/0/live/smil:102.smil/102/102high/chunklist_1080320.ts,.ts,chunk,1080320,200,OK,edge.cdn.local.ip,30080,edge.cdn.local.ip:30080,video/MP2T,1172932,video/mp2t,1172932,base64,1173083,151,424,651,0,0,600,51,23001627.450980395,1,0,0,1
2026-03-06T11:35:14.336+00:00,http://edge.cdn.local.ip:30080/central.cdn.ip:8087/cat/3/a/0/live/smil:102.smil/102/102high/chunklist.m3u8?bcod=8bf7437b-457a-3a66-94ea-3ec5a50fc74f,edge.cdn.local.ip,/central.cdn.ip:8087/cat/3/a/0/live/smil:102.smil/102/102high/chunklist.m3u8,.m3u8,manifest,,200,OK,edge.cdn.local.ip,30080,edge.cdn.local.ip:30080,application/x-mpegURL,2610,application/x-mpegurl,2610,,2769,159,418,168,,0,168,0,,1,0,0,1
2026-03-06T11:35:14.609+00:00,http://edge.cdn.local.ip:30080/central.cdn.ip:8087/cat/3/a/0/live/smil:102.smil/102/102high/chunklist_1080321.ts?bcod=8bf7437b-457a-3a66-94ea-3ec5a50fc74f,edge.cdn.local.ip,/central.cdn.ip:8087/cat/3/a/0/live/smil:102.smil/102/102high/chunklist_1080321.ts,.ts,chunk,1080321,200,OK,edge.cdn.local.ip,30080,edge.cdn.local.ip:30080,video/MP2T,1165036,video/mp2t,1165036,base64,1165187,151,424,610,0,0,603,7,166455285.7142857,1,0,0,1
2026-03-06T11:35:20.336+00:00,http://edge.cdn.local.ip:30080/central.cdn.ip:8087/cat/3/a/0/live/smil:102.smil/102/102high/chunklist.m3u8?bcod=8bf7437b-457a-3a66-94ea-3ec5a50fc74f,edge.cdn.local.ip,/central.cdn.ip:8087/cat/3/a/0/live/smil:102.smil/102/102high/chunklist.m3u8,.m3u8,manifest,,200,OK,edge.cdn.local.ip,30080,edge.cdn.local.ip:30080,application/x-mpegURL,2610,application/x-mpegurl,2610,,2769,159,418,167,,0,167,0,,1,0,0,1
2026-03-06T11:35:20.548+00:00,http://edge.cdn.local.ip:30080/central.cdn.ip:8087/cat/3/a/0/live/smil:102.smil/102/102high/chunklist_1080322.ts?bcod=8bf7437b-457a-3a66-94ea-3ec5a50fc74f,edge.cdn.local.ip,/central.cdn.ip:8087/cat/3/a/0/live/smil:102.smil/102/102high/chunklist_1080322.ts,.ts,chunk,1080322,200,OK,edge.cdn.local.ip,30080,edge.cdn.local.ip:30080,video/MP2T,1164284,video/mp2t,1164284,base64,1164435,151,424,745,,0,596,149,7815000.0,1,0,0,1
2026-03-06T11:35:26.335+00:00,http://edge.cdn.local.ip:30080/central.cdn.ip:8087/cat/3/a/0/live/smil:102.smil/102/102high/chunklist.m3u8?bcod=8bf7437b-457a-3a66-94ea-3ec5a50fc74f,edge.cdn.local.ip,/central.cdn.ip:8087/cat/3/a/0/live/smil:102.smil/102/102high/chunklist.m3u8,.m3u8,manifest,,200,OK,edge.cdn.local.ip,30080,edge.cdn.local.ip:30080,application/x-mpegURL,2610,application/x-mpegurl,2610,,2769,159,418,183,,0,183,0,,1,0,0,1
2026-03-06T11:35:26.771+00:00,http://edge.cdn.local.ip:30080/central.cdn.ip:8087/cat/3/a/0/live/smil:102.smil/102/102high/chunklist_1080323.ts?bcod=8bf7437b-457a-3a66-94ea-3ec5a50fc74f,edge.cdn.local.ip,/central.cdn.ip:8087/cat/3/a/0/live/smil:102.smil/102/102high/chunklist_1080323.ts,.ts,chunk,1080323,200,OK,edge.cdn.local.ip,30080,edge.cdn.local.ip:30080,video/MP2T,1168796,video/mp2t,1168796,base64,1168947,151,424,727,,0,598,129,9061604.65116279,1,0,0,1
2026-03-06T11:35:32.343+00:00,http://edge.cdn.local.ip:30080/central.cdn.ip:8087/cat/3/a/0/live/smil:102.smil/102/102high/chunklist.m3u8?bcod=8bf7437b-457a-3a66-94ea-3ec5a50fc74f,edge.cdn.local.ip,/central.cdn.ip:8087/cat/3/a/0/live/smil:102.smil/102/102high/chunklist.m3u8,.m3u8,manifest,,200,OK,edge.cdn.local.ip,30080,edge.cdn.local.ip:30080,application/x-mpegURL,2610,application/x-mpegurl,2610,,2769,159,418,169,,0,169,0,,1,0,0,1
2026-03-06T11:35:32.689+00:00,http://edge.cdn.local.ip:30080/central.cdn.ip:8087/cat/3/a/0/live/smil:102.smil/102/102high/chunklist_1080324.ts?bcod=8bf7437b-457a-3a66-94ea-3ec5a50fc74f,edge.cdn.local.ip,/central.cdn.ip:8087/cat/3/a/0/live/smil:102.smil/102/102high/chunklist_1080324.ts,.ts,chunk,1080324,200,OK,edge.cdn.local.ip,30080,edge.cdn.local.ip:30080,video/MP2T,1196244,video/mp2t,1196244,base64,1196395,151,424,605,,0,601,4,299098750.0,1,0,0,1
2026-03-06T11:35:38.350+00:00,http://edge.cdn.local.ip:30080/central.cdn.ip:8087/cat/3/a/0/live/smil:102.smil/102/102high/chunklist.m3u8?bcod=8bf7437b-457a-3a66-94ea-3ec5a50fc74f,edge.cdn.local.ip,/central.cdn.ip:8087/cat/3/a/0/live/smil:102.smil/102/102high/chunklist.m3u8,.m3u8,manifest,,200,OK,edge.cdn.local.ip,30080,edge.cdn.local.ip:30080,application/x-mpegURL,2610,application/x-mpegurl,2610,,2769,159,418,167,,0,167,0,,1,0,0,1
2026-03-06T11:35:39.672+00:00,http://edge.cdn.local.ip:30080/central.cdn.ip:8087/cat/3/a/0/live/smil:102.smil/102/102high/chunklist_1080325.ts?bcod=8bf7437b-457a-3a66-94ea-3ec5a50fc74f,edge.cdn.local.ip,/central.cdn.ip:8087/cat/3/a/0/live/smil:102.smil/102/102high/chunklist_1080325.ts,.ts,chunk,1080325,200,OK,edge.cdn.local.ip,30080,edge.cdn.local.ip:30080,video/MP2T,1118224,video/mp2t,1118224,base64,1118375,151,424,1942,,0,593,1349,829040.0296515938,1,0,0,1
2026-03-06T11:35:44.356+00:00,http://edge.cdn.local.ip:30080/central.cdn.ip:8087/cat/3/a/0/live/smil:102.smil/102/102high/chunklist.m3u8?bcod=8bf7437b-457a-3a66-94ea-3ec5a50fc74f,edge.cdn.local.ip,/central.cdn.ip:8087/cat/3/a/0/live/smil:102.smil/102/102high/chunklist.m3u8,.m3u8,manifest,,200,OK,edge.cdn.local.ip,30080,edge.cdn.local.ip:30080,application/x-mpegURL,2610,application/x-mpegurl,2610,,2769,159,418,167,0,0,167,0,,1,0,0,1
2026-03-06T11:35:45.111+00:00,http://edge.cdn.local.ip:30080/central.cdn.ip:8087/cat/3/a/0/live/smil:102.smil/102/102high/chunklist_1080326.ts?bcod=8bf7437b-457a-3a66-94ea-3ec5a50fc74f,edge.cdn.local.ip,/central.cdn.ip:8087/cat/3/a/0/live/smil:102.smil/102/102high/chunklist_1080326.ts,.ts,chunk,1080326,200,OK,edge.cdn.local.ip,30080,edge.cdn.local.ip:30080,video/MP2T,1172368,video/mp2t,1172368,base64,1172519,151,424,767,,0,599,168,6979279.761904761,1,0,0,1
2026-03-06T11:35:50.359+00:00,http://edge.cdn.local.ip:30080/central.cdn.ip:8087/cat/3/a/0/live/smil:102.smil/102/102high/chunklist.m3u8?bcod=8bf7437b-457a-3a66-94ea-3ec5a50fc74f,edge.cdn.local.ip,/central.cdn.ip:8087/cat/3/a/0/live/smil:102.smil/102/102high/chunklist.m3u8,.m3u8,manifest,,200,OK,edge.cdn.local.ip,30080,edge.cdn.local.ip:30080,application/x-mpegURL,2610,application/x-mpegurl,2610,,2769,159,418,168,0,0,168,0,,1,0,0,1
2026-03-06T11:35:50.835+00:00,http://edge.cdn.local.ip:30080/central.cdn.ip:8087/cat/3/a/0/live/smil:102.smil/102/102high/chunklist_1080327.ts?bcod=8bf7437b-457a-3a66-94ea-3ec5a50fc74f,edge.cdn.local.ip,/central.cdn.ip:8087/cat/3/a/0/live/smil:102.smil/102/102high/chunklist_1080327.ts,.ts,chunk,1080327,200,OK,edge.cdn.local.ip,30080,edge.cdn.local.ip:30080,video/MP2T,1247756,video/mp2t,1247756,base64,1247907,151,424,1269,,0,606,663,1882212.6696832578,1,0,0,1
2026-03-06T11:35:56.359+00:00,http://edge.cdn.local.ip:30080/central.cdn.ip:8087/cat/3/a/0/live/smil:102.smil/102/102high/chunklist.m3u8?bcod=8bf7437b-457a-3a66-94ea-3ec5a50fc74f,edge.cdn.local.ip,/central.cdn.ip:8087/cat/3/a/0/live/smil:102.smil/102/102high/chunklist.m3u8,.m3u8,manifest,,200,OK,edge.cdn.local.ip,30080,edge.cdn.local.ip:30080,application/x-mpegURL,2610,application/x-mpegurl,2610,,2769,159,418,167,,0,167,0,,1,0,0,1
2026-03-06T11:35:57.067+00:00,http://edge.cdn.local.ip:30080/central.cdn.ip:8087/cat/3/a/0/live/smil:102.smil/102/102high/chunklist_1080328.ts?bcod=8bf7437b-457a-3a66-94ea-3ec5a50fc74f,edge.cdn.local.ip,/central.cdn.ip:8087/cat/3/a/0/live/smil:102.smil/102/102high/chunklist_1080328.ts,.ts,chunk,1080328,200,OK,edge.cdn.local.ip,30080,edge.cdn.local.ip:30080,video/MP2T,1155072,video/mp2t,1155072,base64,1155223,151,424,625,,0,596,29,39835275.862068966,1,0,0,1
2026-03-06T11:36:02.361+00:00,http://edge.cdn.local.ip:30080/central.cdn.ip:8087/cat/3/a/0/live/smil:102.smil/102/102high/chunklist.m3u8?bcod=8bf7437b-457a-3a66-94ea-3ec5a50fc74f,edge.cdn.local.ip,/central.cdn.ip:8087/cat/3/a/0/live/smil:102.smil/102/102high/chunklist.m3u8,.m3u8,manifest,,200,OK,edge.cdn.local.ip,30080,edge.cdn.local.ip:30080,application/x-mpegURL,2610,application/x-mpegurl,2610,,2769,159,418,173,,0,173,0,,1,0,0,1
2026-03-06T11:36:02.640+00:00,http://edge.cdn.local.ip:30080/central.cdn.ip:8087/cat/3/a/0/live/smil:102.smil/102/102high/chunklist_1080329.ts?bcod=8bf7437b-457a-3a66-94ea-3ec5a50fc74f,edge.cdn.local.ip,/central.cdn.ip:8087/cat/3/a/0/live/smil:102.smil/102/102high/chunklist_1080329.ts,.ts,chunk,1080329,200,OK,edge.cdn.local.ip,30080,edge.cdn.local.ip:30080,video/MP2T,1110704,video/mp2t,1110704,base64,1110855,151,424,724,0,0,592,132,8415568.181818182,1,0,0,1
2026-03-06T11:36:08.365+00:00,http://edge.cdn.local.ip:30080/central.cdn.ip:8087/cat/3/a/0/live/smil:102.smil/102/102high/chunklist.m3u8?bcod=8bf7437b-457a-3a66-94ea-3ec5a50fc74f,edge.cdn.local.ip,/central.cdn.ip:8087/cat/3/a/0/live/smil:102.smil/102/102high/chunklist.m3u8,.m3u8,manifest,,200,OK,edge.cdn.local.ip,30080,edge.cdn.local.ip:30080,application/x-mpegURL,2610,application/x-mpegurl,2610,,2769,159,418,171,0,0,171,0,,1,0,0,1
2026-03-06T11:36:08.719+00:00,http://edge.cdn.local.ip:30080/central.cdn.ip:8087/cat/3/a/0/live/smil:102.smil/102/102high/chunklist_1080330.ts?bcod=8bf7437b-457a-3a66-94ea-3ec5a50fc74f,edge.cdn.local.ip,/central.cdn.ip:8087/cat/3/a/0/live/smil:102.smil/102/102high/chunklist_1080330.ts,.ts,chunk,1080330,200,OK,edge.cdn.local.ip,30080,edge.cdn.local.ip:30080,video/MP2T,1158080,video/mp2t,1158080,base64,1158231,151,424,709,1,0,597,111,10434513.513513513,1,0,0,1
2026-03-06T11:36:14.362+00:00,http://edge.cdn.local.ip:30080/central.cdn.ip:8087/cat/3/a/0/live/smil:102.smil/102/102high/chunklist.m3u8?bcod=8bf7437b-457a-3a66-94ea-3ec5a50fc74f,edge.cdn.local.ip,/central.cdn.ip:8087/cat/3/a/0/live/smil:102.smil/102/102high/chunklist.m3u8,.m3u8,manifest,,200,OK,edge.cdn.local.ip,30080,edge.cdn.local.ip:30080,application/x-mpegURL,2610,application/x-mpegurl,2610,,2769,159,418,172,0,0,172,0,,1,0,0,1
2026-03-06T11:36:14.722+00:00,http://edge.cdn.local.ip:30080/central.cdn.ip:8087/cat/3/a/0/live/smil:102.smil/102/102high/chunklist_1080331.ts?bcod=8bf7437b-457a-3a66-94ea-3ec5a50fc74f,edge.cdn.local.ip,/central.cdn.ip:8087/cat/3/a/0/live/smil:102.smil/102/102high/chunklist_1080331.ts,.ts,chunk,1080331,200,OK,edge.cdn.local.ip,30080,edge.cdn.local.ip:30080,video/MP2T,1160712,video/mp2t,1160712,base64,1160863,151,424,791,0,0,601,190,6109805.263157895,1,0,0,1
2026-03-06T11:36:20.371+00:00,http://edge.cdn.local.ip:30080/central.cdn.ip:8087/cat/3/a/0/live/smil:102.smil/102/102high/chunklist.m3u8?bcod=8bf7437b-457a-3a66-94ea-3ec5a50fc74f,edge.cdn.local.ip,/central.cdn.ip:8087/cat/3/a/0/live/smil:102.smil/102/102high/chunklist.m3u8,.m3u8,manifest,,200,OK,edge.cdn.local.ip,30080,edge.cdn.local.ip:30080,application/x-mpegURL,2610,application/x-mpegurl,2610,,2769,159,418,168,,0,168,0,,1,0,0,1
2026-03-06T11:36:20.697+00:00,http://edge.cdn.local.ip:30080/central.cdn.ip:8087/cat/3/a/0/live/smil:102.smil/102/102high/chunklist_1080332.ts?bcod=8bf7437b-457a-3a66-94ea-3ec5a50fc74f,edge.cdn.local.ip,/central.cdn.ip:8087/cat/3/a/0/live/smil:102.smil/102/102high/chunklist_1080332.ts,.ts,chunk,1080332,200,OK,edge.cdn.local.ip,30080,edge.cdn.local.ip:30080,video/MP2T,1168608,video/mp2t,1168608,base64,1168759,151,424,940,,0,599,341,3427445.7478005863,1,0,0,1
2026-03-06T11:36:26.369+00:00,http://edge.cdn.local.ip:30080/central.cdn.ip:8087/cat/3/a/0/live/smil:102.smil/102/102high/chunklist.m3u8?bcod=8bf7437b-457a-3a66-94ea-3ec5a50fc74f,edge.cdn.local.ip,/central.cdn.ip:8087/cat/3/a/0/live/smil:102.smil/102/102high/chunklist.m3u8,.m3u8,manifest,,200,OK,edge.cdn.local.ip,30080,edge.cdn.local.ip:30080,application/x-mpegURL,2610,application/x-mpegurl,2610,,2769,159,418,168,,0,168,0,,1,0,0,1
2026-03-06T11:36:26.671+00:00,http://edge.cdn.local.ip:30080/central.cdn.ip:8087/cat/3/a/0/live/smil:102.smil/102/102high/chunklist_1080333.ts?bcod=8bf7437b-457a-3a66-94ea-3ec5a50fc74f,edge.cdn.local.ip,/central.cdn.ip:8087/cat/3/a/0/live/smil:102.smil/102/102high/chunklist_1080333.ts,.ts,chunk,1080333,200,OK,edge.cdn.local.ip,30080,edge.cdn.local.ip:30080,video/MP2T,1178384,video/mp2t,1178384,base64,1178535,151,424,687,,0,599,88,13392443.181818184,1,0,0,1
2026-03-06T11:36:32.368+00:00,http://edge.cdn.local.ip:30080/central.cdn.ip:8087/cat/3/a/0/live/smil:102.smil/102/102high/chunklist.m3u8?bcod=8bf7437b-457a-3a66-94ea-3ec5a50fc74f,edge.cdn.local.ip,/central.cdn.ip:8087/cat/3/a/0/live/smil:102.smil/102/102high/chunklist.m3u8,.m3u8,manifest,,200,OK,edge.cdn.local.ip,30080,edge.cdn.local.ip:30080,application/x-mpegURL,2610,application/x-mpegurl,2610,,2769,159,418,169,,0,169,0,,1,0,0,1
2026-03-06T11:36:32.685+00:00,http://edge.cdn.local.ip:30080/central.cdn.ip:8087/cat/3/a/0/live/smil:102.smil/102/102high/chunklist_1080334.ts?bcod=8bf7437b-457a-3a66-94ea-3ec5a50fc74f,edge.cdn.local.ip,/central.cdn.ip:8087/cat/3/a/0/live/smil:102.smil/102/102high/chunklist_1080334.ts,.ts,chunk,1080334,200,OK,edge.cdn.local.ip,30080,edge.cdn.local.ip:30080,video/MP2T,1168984,video/mp2t,1168984,base64,1169135,151,424,786,,0,597,189,6185899.470899471,1,0,0,1
2026-03-06T11:36:38.371+00:00,http://edge.cdn.local.ip:30080/central.cdn.ip:8087/cat/3/a/0/live/smil:102.smil/102/102high/chunklist.m3u8?bcod=8bf7437b-457a-3a66-94ea-3ec5a50fc74f,edge.cdn.local.ip,/central.cdn.ip:8087/cat/3/a/0/live/smil:102.smil/102/102high/chunklist.m3u8,.m3u8,manifest,,200,OK,edge.cdn.local.ip,30080,edge.cdn.local.ip:30080,application/x-mpegURL,2610,application/x-mpegurl,2610,,2769,159,418,167,,0,167,0,,1,0,0,1
2026-03-06T11:36:38.689+00:00,http://edge.cdn.local.ip:30080/central.cdn.ip:8087/cat/3/a/0/live/smil:102.smil/102/102high/chunklist_1080335.ts?bcod=8bf7437b-457a-3a66-94ea-3ec5a50fc74f,edge.cdn.local.ip,/central.cdn.ip:8087/cat/3/a/0/live/smil:102.smil/102/102high/chunklist_1080335.ts,.ts,chunk,1080335,200,OK,edge.cdn.local.ip,30080,edge.cdn.local.ip:30080,video/MP2T,1232716,video/mp2t,1232716,base64,1232867,151,424,651,,0,601,50,24657340.0,1,0,0,1
2026-03-06T11:36:44.370+00:00,http://edge.cdn.local.ip:30080/central.cdn.ip:8087/cat/3/a/0/live/smil:102.smil/102/102high/chunklist.m3u8?bcod=8bf7437b-457a-3a66-94ea-3ec5a50fc74f,edge.cdn.local.ip,/central.cdn.ip:8087/cat/3/a/0/live/smil:102.smil/102/102high/chunklist.m3u8,.m3u8,manifest,,200,OK,edge.cdn.local.ip,30080,edge.cdn.local.ip:30080,application/x-mpegURL,2610,application/x-mpegurl,2610,,2769,159,418,167,,0,167,0,,1,0,0,1
2026-03-06T11:36:44.872+00:00,http://edge.cdn.local.ip:30080/central.cdn.ip:8087/cat/3/a/0/live/smil:102.smil/102/102high/chunklist_1080336.ts?bcod=8bf7437b-457a-3a66-94ea-3ec5a50fc74f,edge.cdn.local.ip,/central.cdn.ip:8087/cat/3/a/0/live/smil:102.smil/102/102high/chunklist_1080336.ts,.ts,chunk,1080336,200,OK,edge.cdn.local.ip,30080,edge.cdn.local.ip:30080,video/MP2T,1074420,video/mp2t,1074420,base64,1074571,151,424,598,,0,591,7,153510142.85714287,1,0,0,1
2026-03-06T11:36:50.378+00:00,http://edge.cdn.local.ip:30080/central.cdn.ip:8087/cat/3/a/0/live/smil:102.smil/102/102high/chunklist.m3u8?bcod=8bf7437b-457a-3a66-94ea-3ec5a50fc74f,edge.cdn.local.ip,/central.cdn.ip:8087/cat/3/a/0/live/smil:102.smil/102/102high/chunklist.m3u8,.m3u8,manifest,,200,OK,edge.cdn.local.ip,30080,edge.cdn.local.ip:30080,application/x-mpegURL,2610,application/x-mpegurl,2610,,2769,159,418,167,,0,167,0,,1,0,0,1
2026-03-06T11:36:50.728+00:00,http://edge.cdn.local.ip:30080/central.cdn.ip:8087/cat/3/a/0/live/smil:102.smil/102/102high/chunklist_1080337.ts?bcod=8bf7437b-457a-3a66-94ea-3ec5a50fc74f,edge.cdn.local.ip,/central.cdn.ip:8087/cat/3/a/0/live/smil:102.smil/102/102high/chunklist_1080337.ts,.ts,chunk,1080337,200,OK,edge.cdn.local.ip,30080,edge.cdn.local.ip:30080,video/MP2T,1194552,video/mp2t,1194552,base64,1194703,151,424,758,,0,599,159,7513855.34591195,1,0,0,1
2026-03-06T11:36:56.378+00:00,http://edge.cdn.local.ip:30080/central.cdn.ip:8087/cat/3/a/0/live/smil:102.smil/102/102high/chunklist.m3u8?bcod=8bf7437b-457a-3a66-94ea-3ec5a50fc74f,edge.cdn.local.ip,/central.cdn.ip:8087/cat/3/a/0/live/smil:102.smil/102/102high/chunklist.m3u8,.m3u8,manifest,,200,OK,edge.cdn.local.ip,30080,edge.cdn.local.ip:30080,application/x-mpegURL,2610,application/x-mpegurl,2610,,2769,159,418,167,,0,167,0,,1,0,0,1
2026-03-06T11:36:56.641+00:00,http://edge.cdn.local.ip:30080/central.cdn.ip:8087/cat/3/a/0/live/smil:102.smil/102/102high/chunklist_1080338.ts?bcod=8bf7437b-457a-3a66-94ea-3ec5a50fc74f,edge.cdn.local.ip,/central.cdn.ip:8087/cat/3/a/0/live/smil:102.smil/102/102high/chunklist_1080338.ts,.ts,chunk,1080338,200,OK,edge.cdn.local.ip,30080,edge.cdn.local.ip:30080,video/MP2T,1156764,video/mp2t,1156764,base64,1156915,151,424,928,0,0,595,333,3474219.219219219,1,0,0,1
2026-03-06T11:37:02.380+00:00,http://edge.cdn.local.ip:30080/central.cdn.ip:8087/cat/3/a/0/live/smil:102.smil/102/102high/chunklist.m3u8?bcod=8bf7437b-457a-3a66-94ea-3ec5a50fc74f,edge.cdn.local.ip,/central.cdn.ip:8087/cat/3/a/0/live/smil:102.smil/102/102high/chunklist.m3u8,.m3u8,manifest,,200,OK,edge.cdn.local.ip,30080,edge.cdn.local.ip:30080,application/x-mpegURL,2610,application/x-mpegurl,2610,,2769,159,418,171,,0,171,0,,1,0,0,1
2026-03-06T11:37:02.610+00:00,http://edge.cdn.local.ip:30080/central.cdn.ip:8087/cat/3/a/0/live/smil:102.smil/102/102high/chunklist_1080339.ts?bcod=8bf7437b-457a-3a66-94ea-3ec5a50fc74f,edge.cdn.local.ip,/central.cdn.ip:8087/cat/3/a/0/live/smil:102.smil/102/102high/chunklist_1080339.ts,.ts,chunk,1080339,200,OK,edge.cdn.local.ip,30080,edge.cdn.local.ip:30080,video/MP2T,1188160,video/mp2t,1188160,base64,1188311,151,424,833,0,0,600,233,5100047.210300429,1,0,0,1
2026-03-06T11:37:08.381+00:00,http://edge.cdn.local.ip:30080/central.cdn.ip:8087/cat/3/a/0/live/smil:102.smil/102/102high/chunklist.m3u8?bcod=8bf7437b-457a-3a66-94ea-3ec5a50fc74f,edge.cdn.local.ip,/central.cdn.ip:8087/cat/3/a/0/live/smil:102.smil/102/102high/chunklist.m3u8,.m3u8,manifest,,200,OK,edge.cdn.local.ip,30080,edge.cdn.local.ip:30080,application/x-mpegURL,2610,application/x-mpegurl,2610,,2769,159,418,167,,0,167,0,,1,0,0,1
2026-03-06T11:37:08.910+00:00,http://edge.cdn.local.ip:30080/central.cdn.ip:8087/cat/3/a/0/live/smil:102.smil/102/102high/chunklist_1080340.ts?bcod=8bf7437b-457a-3a66-94ea-3ec5a50fc74f,edge.cdn.local.ip,/central.cdn.ip:8087/cat/3/a/0/live/smil:102.smil/102/102high/chunklist_1080340.ts,.ts,chunk,1080340,200,OK,edge.cdn.local.ip,30080,edge.cdn.local.ip:30080,video/MP2T,1174624,video/mp2t,1174624,base64,1174775,151,424,633,,0,607,26,45183653.84615385,1,0,0,1
2026-03-06T11:37:14.381+00:00,http://edge.cdn.local.ip:30080/central.cdn.ip:8087/cat/3/a/0/live/smil:102.smil/102/102high/chunklist.m3u8?bcod=8bf7437b-457a-3a66-94ea-3ec5a50fc74f,edge.cdn.local.ip,/central.cdn.ip:8087/cat/3/a/0/live/smil:102.smil/102/102high/chunklist.m3u8,.m3u8,manifest,,200,OK,edge.cdn.local.ip,30080,edge.cdn.local.ip:30080,application/x-mpegURL,2610,application/x-mpegurl,2610,,2769,159,418,168,,0,168,0,,1,0,0,1
2026-03-06T11:37:14.639+00:00,http://edge.cdn.local.ip:30080/central.cdn.ip:8087/cat/3/a/0/live/smil:102.smil/102/102high/chunklist_1080341.ts?bcod=8bf7437b-457a-3a66-94ea-3ec5a50fc74f,edge.cdn.local.ip,/central.cdn.ip:8087/cat/3/a/0/live/smil:102.smil/102/102high/chunklist_1080341.ts,.ts,chunk,1080341,200,OK,edge.cdn.local.ip,30080,edge.cdn.local.ip:30080,video/MP2T,1145296,video/mp2t,1145296,base64,1145447,151,424,705,,0,594,111,10319342.342342341,1,0,0,1
2026-03-06T11:37:20.381+00:00,http://edge.cdn.local.ip:30080/central.cdn.ip:8087/cat/3/a/0/live/smil:102.smil/102/102high/chunklist.m3u8?bcod=8bf7437b-457a-3a66-94ea-3ec5a50fc74f,edge.cdn.local.ip,/central.cdn.ip:8087/cat/3/a/0/live/smil:102.smil/102/102high/chunklist.m3u8,.m3u8,manifest,,200,OK,edge.cdn.local.ip,30080,edge.cdn.local.ip:30080,application/x-mpegURL,2610,application/x-mpegurl,2610,,2769,159,418,169,0,0,169,0,,1,0,0,1
2026-03-06T11:37:20.690+00:00,http://edge.cdn.local.ip:30080/central.cdn.ip:8087/cat/3/a/0/live/smil:102.smil/102/102high/chunklist_1080342.ts?bcod=8bf7437b-457a-3a66-94ea-3ec5a50fc74f,edge.cdn.local.ip,/central.cdn.ip:8087/cat/3/a/0/live/smil:102.smil/102/102high/chunklist_1080342.ts,.ts,chunk,1080342,200,OK,edge.cdn.local.ip,30080,edge.cdn.local.ip:30080,video/MP2T,1174624,video/mp2t,1174624,base64,1174775,151,424,649,,0,600,49,23975000.0,1,0,0,1
2026-03-06T11:37:26.384+00:00,http://edge.cdn.local.ip:30080/central.cdn.ip:8087/cat/3/a/0/live/smil:102.smil/102/102high/chunklist.m3u8?bcod=8bf7437b-457a-3a66-94ea-3ec5a50fc74f,edge.cdn.local.ip,/central.cdn.ip:8087/cat/3/a/0/live/smil:102.smil/102/102high/chunklist.m3u8,.m3u8,manifest,,200,OK,edge.cdn.local.ip,30080,edge.cdn.local.ip:30080,application/x-mpegURL,2610,application/x-mpegurl,2610,,2769,159,418,167,,0,167,0,,1,0,0,1
2026-03-06T11:37:26.868+00:00,http://edge.cdn.local.ip:30080/central.cdn.ip:8087/cat/3/a/0/live/smil:102.smil/102/102high/chunklist_1080343.ts?bcod=8bf7437b-457a-3a66-94ea-3ec5a50fc74f,edge.cdn.local.ip,/central.cdn.ip:8087/cat/3/a/0/live/smil:102.smil/102/102high/chunklist_1080343.ts,.ts,chunk,1080343,200,OK,edge.cdn.local.ip,30080,edge.cdn.local.ip:30080,video/MP2T,1278024,video/mp2t,1278024,base64,1278175,151,424,704,,0,608,96,13314322.916666666,1,0,0,1
2026-03-06T11:37:32.385+00:00,http://edge.cdn.local.ip:30080/central.cdn.ip:8087/cat/3/a/0/live/smil:102.smil/102/102high/chunklist.m3u8?bcod=8bf7437b-457a-3a66-94ea-3ec5a50fc74f,edge.cdn.local.ip,/central.cdn.ip:8087/cat/3/a/0/live/smil:102.smil/102/102high/chunklist.m3u8,.m3u8,manifest,,200,OK,edge.cdn.local.ip,30080,edge.cdn.local.ip:30080,application/x-mpegURL,2610,application/x-mpegurl,2610,,2769,159,418,167,0,0,167,0,,1,0,0,1
2026-03-06T11:37:32.568+00:00,http://edge.cdn.local.ip:30080/central.cdn.ip:8087/cat/3/a/0/live/smil:102.smil/102/102high/chunklist_1080344.ts?bcod=8bf7437b-457a-3a66-94ea-3ec5a50fc74f,edge.cdn.local.ip,/central.cdn.ip:8087/cat/3/a/0/live/smil:102.smil/102/102high/chunklist_1080344.ts,.ts,chunk,1080344,200,OK,edge.cdn.local.ip,30080,edge.cdn.local.ip:30080,video/MP2T,1143980,video/mp2t,1143980,base64,1144131,151,424,845,,0,599,246,4650939.024390244,1,0,0,1
2026-03-06T11:37:38.383+00:00,http://edge.cdn.local.ip:30080/central.cdn.ip:8087/cat/3/a/0/live/smil:102.smil/102/102high/chunklist.m3u8?bcod=8bf7437b-457a-3a66-94ea-3ec5a50fc74f,edge.cdn.local.ip,/central.cdn.ip:8087/cat/3/a/0/live/smil:102.smil/102/102high/chunklist.m3u8,.m3u8,manifest,,200,OK,edge.cdn.local.ip,30080,edge.cdn.local.ip:30080,application/x-mpegURL,2610,application/x-mpegurl,2610,,2769,159,418,167,,0,167,0,,1,0,0,1
2026-03-06T11:37:38.749+00:00,http://edge.cdn.local.ip:30080/central.cdn.ip:8087/cat/3/a/0/live/smil:102.smil/102/102high/chunklist_1080345.ts?bcod=8bf7437b-457a-3a66-94ea-3ec5a50fc74f,edge.cdn.local.ip,/central.cdn.ip:8087/cat/3/a/0/live/smil:102.smil/102/102high/chunklist_1080345.ts,.ts,chunk,1080345,200,OK,edge.cdn.local.ip,30080,edge.cdn.local.ip:30080,video/MP2T,1090212,video/mp2t,1090212,base64,1090363,151,424,629,,0,594,35,31153228.571428567,1,0,0,1
2026-03-06T11:37:44.381+00:00,http://edge.cdn.local.ip:30080/central.cdn.ip:8087/cat/3/a/0/live/smil:102.smil/102/102high/chunklist.m3u8?bcod=8bf7437b-457a-3a66-94ea-3ec5a50fc74f,edge.cdn.local.ip,/central.cdn.ip:8087/cat/3/a/0/live/smil:102.smil/102/102high/chunklist.m3u8,.m3u8,manifest,,200,OK,edge.cdn.local.ip,30080,edge.cdn.local.ip:30080,application/x-mpegURL,2610,application/x-mpegurl,2610,,2769,159,418,168,0,0,168,0,,1,0,0,1
2026-03-06T11:37:44.956+00:00,http://edge.cdn.local.ip:30080/central.cdn.ip:8087/cat/3/a/0/live/smil:102.smil/102/102high/chunklist_1080346.ts?bcod=8bf7437b-457a-3a66-94ea-3ec5a50fc74f,edge.cdn.local.ip,/central.cdn.ip:8087/cat/3/a/0/live/smil:102.smil/102/102high/chunklist_1080346.ts,.ts,chunk,1080346,200,OK,edge.cdn.local.ip,30080,edge.cdn.local.ip:30080,video/MP2T,1165412,video/mp2t,1165412,base64,1165563,151,424,602,,0,598,4,291390750.0,1,0,0,1
2026-03-06T11:37:50.382+00:00,http://edge.cdn.local.ip:30080/central.cdn.ip:8087/cat/3/a/0/live/smil:102.smil/102/102high/chunklist.m3u8?bcod=8bf7437b-457a-3a66-94ea-3ec5a50fc74f,edge.cdn.local.ip,/central.cdn.ip:8087/cat/3/a/0/live/smil:102.smil/102/102high/chunklist.m3u8,.m3u8,manifest,,200,OK,edge.cdn.local.ip,30080,edge.cdn.local.ip:30080,application/x-mpegURL,2610,application/x-mpegurl,2610,,2769,159,418,167,0,0,167,0,,1,0,0,1
2026-03-06T11:37:50.679+00:00,http://edge.cdn.local.ip:30080/central.cdn.ip:8087/cat/3/a/0/live/smil:102.smil/102/102high/chunklist_1080347.ts?bcod=8bf7437b-457a-3a66-94ea-3ec5a50fc74f,edge.cdn.local.ip,/central.cdn.ip:8087/cat/3/a/0/live/smil:102.smil/102/102high/chunklist_1080347.ts,.ts,chunk,1080347,200,OK,edge.cdn.local.ip,30080,edge.cdn.local.ip:30080,video/MP2T,1170488,video/mp2t,1170488,base64,1170639,151,424,788,,0,598,190,6161257.894736842,1,0,0,1
2026-03-06T11:37:56.381+00:00,http://edge.cdn.local.ip:30080/central.cdn.ip:8087/cat/3/a/0/live/smil:102.smil/102/102high/chunklist.m3u8?bcod=8bf7437b-457a-3a66-94ea-3ec5a50fc74f,edge.cdn.local.ip,/central.cdn.ip:8087/cat/3/a/0/live/smil:102.smil/102/102high/chunklist.m3u8,.m3u8,manifest,,200,OK,edge.cdn.local.ip,30080,edge.cdn.local.ip:30080,application/x-mpegURL,2610,application/x-mpegurl,2610,,2769,159,418,167,0,0,167,0,,1,0,0,1
2026-03-06T11:37:56.753+00:00,http://edge.cdn.local.ip:30080/central.cdn.ip:8087/cat/3/a/0/live/smil:102.smil/102/102high/chunklist_1080348.ts?bcod=8bf7437b-457a-3a66-94ea-3ec5a50fc74f,edge.cdn.local.ip,/central.cdn.ip:8087/cat/3/a/0/live/smil:102.smil/102/102high/chunklist_1080348.ts,.ts,chunk,1080348,200,OK,edge.cdn.local.ip,30080,edge.cdn.local.ip:30080,video/MP2T,1141160,video/mp2t,1141160,base64,1141311,151,424,935,,0,596,339,3366699.1150442474,1,0,0,1
2026-03-06T11:38:02.384+00:00,http://edge.cdn.local.ip:30080/central.cdn.ip:8087/cat/3/a/0/live/smil:102.smil/102/102high/chunklist.m3u8?bcod=8bf7437b-457a-3a66-94ea-3ec5a50fc74f,edge.cdn.local.ip,/central.cdn.ip:8087/cat/3/a/0/live/smil:102.smil/102/102high/chunklist.m3u8,.m3u8,manifest,,200,OK,edge.cdn.local.ip,30080,edge.cdn.local.ip:30080,application/x-mpegURL,2610,application/x-mpegurl,2610,,2769,159,418,168,,0,168,0,,1,0,0,1
2026-03-06T11:38:02.800+00:00,http://edge.cdn.local.ip:30080/central.cdn.ip:8087/cat/3/a/0/live/smil:102.smil/102/102high/chunklist_1080349.ts?bcod=8bf7437b-457a-3a66-94ea-3ec5a50fc74f,edge.cdn.local.ip,/central.cdn.ip:8087/cat/3/a/0/live/smil:102.smil/102/102high/chunklist_1080349.ts,.ts,chunk,1080349,200,OK,edge.cdn.local.ip,30080,edge.cdn.local.ip:30080,video/MP2T,1194176,video/mp2t,1194176,base64,1194327,151,424,605,0,0,600,5,238865400.0,1,0,0,1
2026-03-06T11:38:08.393+00:00,http://edge.cdn.local.ip:30080/central.cdn.ip:8087/cat/3/a/0/live/smil:102.smil/102/102high/chunklist.m3u8?bcod=8bf7437b-457a-3a66-94ea-3ec5a50fc74f,edge.cdn.local.ip,/central.cdn.ip:8087/cat/3/a/0/live/smil:102.smil/102/102high/chunklist.m3u8,.m3u8,manifest,,200,OK,edge.cdn.local.ip,30080,edge.cdn.local.ip:30080,application/x-mpegURL,2610,application/x-mpegurl,2610,,2769,159,418,167,,0,167,0,,1,0,0,1
2026-03-06T11:38:09.354+00:00,http://edge.cdn.local.ip:30080/central.cdn.ip:8087/cat/3/a/0/live/smil:102.smil/102/102high/chunklist_1080350.ts?bcod=8bf7437b-457a-3a66-94ea-3ec5a50fc74f,edge.cdn.local.ip,/central.cdn.ip:8087/cat/3/a/0/live/smil:102.smil/102/102high/chunklist_1080350.ts,.ts,chunk,1080350,200,OK,edge.cdn.local.ip,30080,edge.cdn.local.ip:30080,video/MP2T,1306976,video/mp2t,1306976,base64,1307127,151,424,753,,0,613,140,9336621.428571427,1,0,0,1
2026-03-06T11:38:14.396+00:00,http://edge.cdn.local.ip:30080/central.cdn.ip:8087/cat/3/a/0/live/smil:102.smil/102/102high/chunklist.m3u8?bcod=8bf7437b-457a-3a66-94ea-3ec5a50fc74f,edge.cdn.local.ip,/central.cdn.ip:8087/cat/3/a/0/live/smil:102.smil/102/102high/chunklist.m3u8,.m3u8,manifest,,200,OK,edge.cdn.local.ip,30080,edge.cdn.local.ip:30080,application/x-mpegURL,2610,application/x-mpegurl,2610,,2769,159,418,167,,0,167,0,,1,0,0,1
2026-03-06T11:38:14.659+00:00,http://edge.cdn.local.ip:30080/central.cdn.ip:8087/cat/3/a/0/live/smil:102.smil/102/102high/chunklist_1080351.ts?bcod=8bf7437b-457a-3a66-94ea-3ec5a50fc74f,edge.cdn.local.ip,/central.cdn.ip:8087/cat/3/a/0/live/smil:102.smil/102/102high/chunklist_1080351.ts,.ts,chunk,1080351,200,OK,edge.cdn.local.ip,30080,edge.cdn.local.ip:30080,video/MP2T,1034564,video/mp2t,1034564,base64,1034715,151,424,766,0,0,583,183,5654180.327868853,1,0,0,1
2026-03-06T11:38:20.401+00:00,http://edge.cdn.local.ip:30080/central.cdn.ip:8087/cat/3/a/0/live/smil:102.smil/102/102high/chunklist.m3u8?bcod=8bf7437b-457a-3a66-94ea-3ec5a50fc74f,edge.cdn.local.ip,/central.cdn.ip:8087/cat/3/a/0/live/smil:102.smil/102/102high/chunklist.m3u8,.m3u8,manifest,,200,OK,edge.cdn.local.ip,30080,edge.cdn.local.ip:30080,application/x-mpegURL,2610,application/x-mpegurl,2610,,2769,159,418,167,,0,167,0,,1,0,0,1
2026-03-06T11:38:20.692+00:00,http://edge.cdn.local.ip:30080/central.cdn.ip:8087/cat/3/a/0/live/smil:102.smil/102/102high/chunklist_1080352.ts?bcod=8bf7437b-457a-3a66-94ea-3ec5a50fc74f,edge.cdn.local.ip,/central.cdn.ip:8087/cat/3/a/0/live/smil:102.smil/102/102high/chunklist_1080352.ts,.ts,chunk,1080352,200,OK,edge.cdn.local.ip,30080,edge.cdn.local.ip:30080,video/MP2T,1152440,video/mp2t,1152440,base64,1152591,151,424,601,0,0,595,6,192098500.0,1,0,0,1
2026-03-06T11:38:26.402+00:00,http://edge.cdn.local.ip:30080/central.cdn.ip:8087/cat/3/a/0/live/smil:102.smil/102/102high/chunklist.m3u8?bcod=8bf7437b-457a-3a66-94ea-3ec5a50fc74f,edge.cdn.local.ip,/central.cdn.ip:8087/cat/3/a/0/live/smil:102.smil/102/102high/chunklist.m3u8,.m3u8,manifest,,200,OK,edge.cdn.local.ip,30080,edge.cdn.local.ip:30080,application/x-mpegURL,2610,application/x-mpegurl,2610,,2769,159,418,167,0,0,167,0,,1,0,0,1
2026-03-06T11:38:26.943+00:00,http://edge.cdn.local.ip:30080/central.cdn.ip:8087/cat/3/a/0/live/smil:102.smil/102/102high/chunklist_1080353.ts?bcod=8bf7437b-457a-3a66-94ea-3ec5a50fc74f,edge.cdn.local.ip,/central.cdn.ip:8087/cat/3/a/0/live/smil:102.smil/102/102high/chunklist_1080353.ts,.ts,chunk,1080353,200,OK,edge.cdn.local.ip,30080,edge.cdn.local.ip:30080,video/MP2T,1203576,video/mp2t,1203576,base64,1203727,151,424,928,0,0,601,327,3681122.3241590215,1,0,0,1
2026-03-06T11:38:32.405+00:00,http://edge.cdn.local.ip:30080/central.cdn.ip:8087/cat/3/a/0/live/smil:102.smil/102/102high/chunklist.m3u8?bcod=8bf7437b-457a-3a66-94ea-3ec5a50fc74f,edge.cdn.local.ip,/central.cdn.ip:8087/cat/3/a/0/live/smil:102.smil/102/102high/chunklist.m3u8,.m3u8,manifest,,200,OK,edge.cdn.local.ip,30080,edge.cdn.local.ip:30080,application/x-mpegURL,2610,application/x-mpegurl,2610,,2769,159,418,168,0,0,168,0,,1,0,0,1
2026-03-06T11:38:32.695+00:00,http://edge.cdn.local.ip:30080/central.cdn.ip:8087/cat/3/a/0/live/smil:102.smil/102/102high/chunklist_1080354.ts?bcod=8bf7437b-457a-3a66-94ea-3ec5a50fc74f,edge.cdn.local.ip,/central.cdn.ip:8087/cat/3/a/0/live/smil:102.smil/102/102high/chunklist_1080354.ts,.ts,chunk,1080354,200,OK,edge.cdn.local.ip,30080,edge.cdn.local.ip:30080,video/MP2T,1176504,video/mp2t,1176504,base64,1176655,151,424,609,0,0,597,12,98054583.33333333,1,0,0,1
2026-03-06T11:38:38.405+00:00,http://edge.cdn.local.ip:30080/central.cdn.ip:8087/cat/3/a/0/live/smil:102.smil/102/102high/chunklist.m3u8?bcod=8bf7437b-457a-3a66-94ea-3ec5a50fc74f,edge.cdn.local.ip,/central.cdn.ip:8087/cat/3/a/0/live/smil:102.smil/102/102high/chunklist.m3u8,.m3u8,manifest,,200,OK,edge.cdn.local.ip,30080,edge.cdn.local.ip:30080,application/x-mpegURL,2610,application/x-mpegurl,2610,,2769,159,418,167,,0,167,0,,1,0,0,1
2026-03-06T11:38:39.131+00:00,http://edge.cdn.local.ip:30080/central.cdn.ip:8087/cat/3/a/0/live/smil:102.smil/102/102high/chunklist_1080355.ts?bcod=8bf7437b-457a-3a66-94ea-3ec5a50fc74f,edge.cdn.local.ip,/central.cdn.ip:8087/cat/3/a/0/live/smil:102.smil/102/102high/chunklist_1080355.ts,.ts,chunk,1080355,200,OK,edge.cdn.local.ip,30080,edge.cdn.local.ip:30080,video/MP2T,1129128,video/mp2t,1129128,base64,1129279,151,424,778,,0,594,184,6137385.869565218,1,0,0,1
2026-03-06T11:38:44.413+00:00,http://edge.cdn.local.ip:30080/central.cdn.ip:8087/cat/3/a/0/live/smil:102.smil/102/102high/chunklist.m3u8?bcod=8bf7437b-457a-3a66-94ea-3ec5a50fc74f,edge.cdn.local.ip,/central.cdn.ip:8087/cat/3/a/0/live/smil:102.smil/102/102high/chunklist.m3u8,.m3u8,manifest,,200,OK,edge.cdn.local.ip,30080,edge.cdn.local.ip:30080,application/x-mpegURL,2610,application/x-mpegurl,2610,,2769,159,418,167,,0,167,0,,1,0,0,1
2026-03-06T11:38:44.753+00:00,http://edge.cdn.local.ip:30080/central.cdn.ip:8087/cat/3/a/0/live/smil:102.smil/102/102high/chunklist_1080356.ts?bcod=8bf7437b-457a-3a66-94ea-3ec5a50fc74f,edge.cdn.local.ip,/central.cdn.ip:8087/cat/3/a/0/live/smil:102.smil/102/102high/chunklist_1080356.ts,.ts,chunk,1080356,200,OK,edge.cdn.local.ip,30080,edge.cdn.local.ip:30080,video/MP2T,1291748,video/mp2t,1291748,base64,1291899,151,424,835,0,0,607,228,5666223.684210526,1,0,0,1
2026-03-06T11:38:50.410+00:00,http://edge.cdn.local.ip:30080/central.cdn.ip:8087/cat/3/a/0/live/smil:102.smil/102/102high/chunklist.m3u8?bcod=8bf7437b-457a-3a66-94ea-3ec5a50fc74f,edge.cdn.local.ip,/central.cdn.ip:8087/cat/3/a/0/live/smil:102.smil/102/102high/chunklist.m3u8,.m3u8,manifest,,200,OK,edge.cdn.local.ip,30080,edge.cdn.local.ip:30080,application/x-mpegURL,2610,application/x-mpegurl,2610,,2769,159,418,167,,0,167,0,,1,0,0,1
2026-03-06T11:38:50.609+00:00,http://edge.cdn.local.ip:30080/central.cdn.ip:8087/cat/3/a/0/live/smil:102.smil/102/102high/chunklist_1080357.ts?bcod=8bf7437b-457a-3a66-94ea-3ec5a50fc74f,edge.cdn.local.ip,/central.cdn.ip:8087/cat/3/a/0/live/smil:102.smil/102/102high/chunklist_1080357.ts,.ts,chunk,1080357,200,OK,edge.cdn.local.ip,30080,edge.cdn.local.ip:30080,video/MP2T,1089460,video/mp2t,1089460,base64,1089611,151,424,596,0,0,592,4,272402750.0,1,0,0,1
2026-03-06T11:38:56.408+00:00,http://edge.cdn.local.ip:30080/central.cdn.ip:8087/cat/3/a/0/live/smil:102.smil/102/102high/chunklist.m3u8?bcod=8bf7437b-457a-3a66-94ea-3ec5a50fc74f,edge.cdn.local.ip,/central.cdn.ip:8087/cat/3/a/0/live/smil:102.smil/102/102high/chunklist.m3u8,.m3u8,manifest,,200,OK,edge.cdn.local.ip,30080,edge.cdn.local.ip:30080,application/x-mpegURL,2610,application/x-mpegurl,2610,,2769,159,418,168,,0,168,0,,1,0,0,1
2026-03-06T11:38:56.606+00:00,http://edge.cdn.local.ip:30080/central.cdn.ip:8087/cat/3/a/0/live/smil:102.smil/102/102high/chunklist_1080358.ts?bcod=8bf7437b-457a-3a66-94ea-3ec5a50fc74f,edge.cdn.local.ip,/central.cdn.ip:8087/cat/3/a/0/live/smil:102.smil/102/102high/chunklist_1080358.ts,.ts,chunk,1080358,200,OK,edge.cdn.local.ip,30080,edge.cdn.local.ip:30080,video/MP2T,1160712,video/mp2t,1160712,base64,1160863,151,424,1313,0,0,600,713,1628138.8499298738,1,0,0,1
2026-03-06T11:39:02.410+00:00,http://edge.cdn.local.ip:30080/central.cdn.ip:8087/cat/3/a/0/live/smil:102.smil/102/102high/chunklist.m3u8?bcod=8bf7437b-457a-3a66-94ea-3ec5a50fc74f,edge.cdn.local.ip,/central.cdn.ip:8087/cat/3/a/0/live/smil:102.smil/102/102high/chunklist.m3u8,.m3u8,manifest,,200,OK,edge.cdn.local.ip,30080,edge.cdn.local.ip:30080,application/x-mpegURL,2610,application/x-mpegurl,2610,,2769,159,418,168,,0,168,0,,1,0,0,1
2026-03-06T11:39:02.781+00:00,http://edge.cdn.local.ip:30080/central.cdn.ip:8087/cat/3/a/0/live/smil:102.smil/102/102high/chunklist_1080359.ts?bcod=8bf7437b-457a-3a66-94ea-3ec5a50fc74f,edge.cdn.local.ip,/central.cdn.ip:8087/cat/3/a/0/live/smil:102.smil/102/102high/chunklist_1080359.ts,.ts,chunk,1080359,200,OK,edge.cdn.local.ip,30080,edge.cdn.local.ip:30080,video/MP2T,1130068,video/mp2t,1130068,base64,1130219,151,424,1111,,0,606,505,2238057.425742574,1,0,0,1
2026-03-06T11:39:08.418+00:00,http://edge.cdn.local.ip:30080/central.cdn.ip:8087/cat/3/a/0/live/smil:102.smil/102/102high/chunklist.m3u8?bcod=8bf7437b-457a-3a66-94ea-3ec5a50fc74f,edge.cdn.local.ip,/central.cdn.ip:8087/cat/3/a/0/live/smil:102.smil/102/102high/chunklist.m3u8,.m3u8,manifest,,200,OK,edge.cdn.local.ip,30080,edge.cdn.local.ip:30080,application/x-mpegURL,2610,application/x-mpegurl,2610,,2769,159,418,168,,0,168,0,,1,0,0,1
2026-03-06T11:39:08.755+00:00,http://edge.cdn.local.ip:30080/central.cdn.ip:8087/cat/3/a/0/live/smil:102.smil/102/102high/chunklist_1080360.ts?bcod=8bf7437b-457a-3a66-94ea-3ec5a50fc74f,edge.cdn.local.ip,/central.cdn.ip:8087/cat/3/a/0/live/smil:102.smil/102/102high/chunklist_1080360.ts,.ts,chunk,1080360,200,OK,edge.cdn.local.ip,30080,edge.cdn.local.ip:30080,video/MP2T,1170488,video/mp2t,1170488,base64,1170639,151,424,616,,0,599,17,68861117.64705881,1,0,0,1
2026-03-06T11:39:14.415+00:00,http://edge.cdn.local.ip:30080/central.cdn.ip:8087/cat/3/a/0/live/smil:102.smil/102/102high/chunklist.m3u8?bcod=8bf7437b-457a-3a66-94ea-3ec5a50fc74f,edge.cdn.local.ip,/central.cdn.ip:8087/cat/3/a/0/live/smil:102.smil/102/102high/chunklist.m3u8,.m3u8,manifest,,200,OK,edge.cdn.local.ip,30080,edge.cdn.local.ip:30080,application/x-mpegURL,2610,application/x-mpegurl,2610,,2769,159,418,168,,0,168,0,,1,0,0,1
2026-03-06T11:39:14.773+00:00,http://edge.cdn.local.ip:30080/central.cdn.ip:8087/cat/3/a/0/live/smil:102.smil/102/102high/chunklist_1080361.ts?bcod=8bf7437b-457a-3a66-94ea-3ec5a50fc74f,edge.cdn.local.ip,/central.cdn.ip:8087/cat/3/a/0/live/smil:102.smil/102/102high/chunklist_1080361.ts,.ts,chunk,1080361,200,OK,edge.cdn.local.ip,30080,edge.cdn.local.ip:30080,video/MP2T,1170112,video/mp2t,1170112,base64,1170263,151,424,616,,0,598,18,65014611.11111112,1,0,0,1
2026-03-06T11:39:20.419+00:00,http://edge.cdn.local.ip:30080/central.cdn.ip:8087/cat/3/a/0/live/smil:102.smil/102/102high/chunklist.m3u8?bcod=8bf7437b-457a-3a66-94ea-3ec5a50fc74f,edge.cdn.local.ip,/central.cdn.ip:8087/cat/3/a/0/live/smil:102.smil/102/102high/chunklist.m3u8,.m3u8,manifest,,200,OK,edge.cdn.local.ip,30080,edge.cdn.local.ip:30080,application/x-mpegURL,2610,application/x-mpegurl,2610,,2769,159,418,167,,0,167,0,,1,0,0,1
2026-03-06T11:39:20.743+00:00,http://edge.cdn.local.ip:30080/central.cdn.ip:8087/cat/3/a/0/live/smil:102.smil/102/102high/chunklist_1080362.ts?bcod=8bf7437b-457a-3a66-94ea-3ec5a50fc74f,edge.cdn.local.ip,/central.cdn.ip:8087/cat/3/a/0/live/smil:102.smil/102/102high/chunklist_1080362.ts,.ts,chunk,1080362,200,OK,edge.cdn.local.ip,30080,edge.cdn.local.ip:30080,video/MP2T,1235724,video/mp2t,1235724,base64,1235875,151,424,919,0,0,605,314,3935907.6433121017,1,0,0,1
2026-03-06T11:39:26.416+00:00,http://edge.cdn.local.ip:30080/central.cdn.ip:8087/cat/3/a/0/live/smil:102.smil/102/102high/chunklist.m3u8?bcod=8bf7437b-457a-3a66-94ea-3ec5a50fc74f,edge.cdn.local.ip,/central.cdn.ip:8087/cat/3/a/0/live/smil:102.smil/102/102high/chunklist.m3u8,.m3u8,manifest,,200,OK,edge.cdn.local.ip,30080,edge.cdn.local.ip:30080,application/x-mpegURL,2610,application/x-mpegurl,2610,,2769,159,418,168,,0,168,0,,1,0,0,1
2026-03-06T11:39:26.894+00:00,http://edge.cdn.local.ip:30080/central.cdn.ip:8087/cat/3/a/0/live/smil:102.smil/102/102high/chunklist_1080363.ts?bcod=8bf7437b-457a-3a66-94ea-3ec5a50fc74f,edge.cdn.local.ip,/central.cdn.ip:8087/cat/3/a/0/live/smil:102.smil/102/102high/chunklist_1080363.ts,.ts,chunk,1080363,200,OK,edge.cdn.local.ip,30080,edge.cdn.local.ip:30080,video/MP2T,1093784,video/mp2t,1093784,base64,1093935,151,424,938,0,0,595,343,3189314.8688046644,1,0,0,1
2026-03-06T11:39:32.418+00:00,http://edge.cdn.local.ip:30080/central.cdn.ip:8087/cat/3/a/0/live/smil:102.smil/102/102high/chunklist.m3u8?bcod=8bf7437b-457a-3a66-94ea-3ec5a50fc74f,edge.cdn.local.ip,/central.cdn.ip:8087/cat/3/a/0/live/smil:102.smil/102/102high/chunklist.m3u8,.m3u8,manifest,,200,OK,edge.cdn.local.ip,30080,edge.cdn.local.ip:30080,application/x-mpegURL,2610,application/x-mpegurl,2610,,2769,159,418,176,0,0,176,0,,1,0,0,1
2026-03-06T11:39:33.024+00:00,http://edge.cdn.local.ip:30080/central.cdn.ip:8087/cat/3/a/0/live/smil:102.smil/102/102high/chunklist_1080364.ts?bcod=8bf7437b-457a-3a66-94ea-3ec5a50fc74f,edge.cdn.local.ip,/central.cdn.ip:8087/cat/3/a/0/live/smil:102.smil/102/102high/chunklist_1080364.ts,.ts,chunk,1080364,200,OK,edge.cdn.local.ip,30080,edge.cdn.local.ip:30080,video/MP2T,1173120,video/mp2t,1173120,base64,1173271,151,424,810,0,0,601,209,5613736.842105264,1,0,0,1
2026-03-06T11:39:38.420+00:00,http://edge.cdn.local.ip:30080/central.cdn.ip:8087/cat/3/a/0/live/smil:102.smil/102/102high/chunklist.m3u8?bcod=8bf7437b-457a-3a66-94ea-3ec5a50fc74f,edge.cdn.local.ip,/central.cdn.ip:8087/cat/3/a/0/live/smil:102.smil/102/102high/chunklist.m3u8,.m3u8,manifest,,200,OK,edge.cdn.local.ip,30080,edge.cdn.local.ip:30080,application/x-mpegURL,2610,application/x-mpegurl,2610,,2769,159,418,167,,0,167,0,,1,0,0,1
2026-03-06T11:39:38.632+00:00,http://edge.cdn.local.ip:30080/central.cdn.ip:8087/cat/3/a/0/live/smil:102.smil/102/102high/chunklist_1080365.ts?bcod=8bf7437b-457a-3a66-94ea-3ec5a50fc74f,edge.cdn.local.ip,/central.cdn.ip:8087/cat/3/a/0/live/smil:102.smil/102/102high/chunklist_1080365.ts,.ts,chunk,1080365,200,OK,edge.cdn.local.ip,30080,edge.cdn.local.ip:30080,video/MP2T,1159396,video/mp2t,1159396,base64,1159547,151,424,1316,,0,596,720,1610481.9444444445,1,0,0,1
2026-03-06T11:39:44.419+00:00,http://edge.cdn.local.ip:30080/central.cdn.ip:8087/cat/3/a/0/live/smil:102.smil/102/102high/chunklist.m3u8?bcod=8bf7437b-457a-3a66-94ea-3ec5a50fc74f,edge.cdn.local.ip,/central.cdn.ip:8087/cat/3/a/0/live/smil:102.smil/102/102high/chunklist.m3u8,.m3u8,manifest,,200,OK,edge.cdn.local.ip,30080,edge.cdn.local.ip:30080,application/x-mpegURL,2610,application/x-mpegurl,2610,,2769,159,418,167,,0,167,0,,1,0,0,1
2026-03-06T11:39:44.744+00:00,http://edge.cdn.local.ip:30080/central.cdn.ip:8087/cat/3/a/0/live/smil:102.smil/102/102high/chunklist_1080366.ts?bcod=8bf7437b-457a-3a66-94ea-3ec5a50fc74f,edge.cdn.local.ip,/central.cdn.ip:8087/cat/3/a/0/live/smil:102.smil/102/102high/chunklist_1080366.ts,.ts,chunk,1080366,200,OK,edge.cdn.local.ip,30080,edge.cdn.local.ip:30080,video/MP2T,1184776,video/mp2t,1184776,base64,1184927,151,424,942,,0,600,342,3464698.8304093564,1,0,0,1
2026-03-06T11:39:50.420+00:00,http://edge.cdn.local.ip:30080/central.cdn.ip:8087/cat/3/a/0/live/smil:102.smil/102/102high/chunklist.m3u8?bcod=8bf7437b-457a-3a66-94ea-3ec5a50fc74f,edge.cdn.local.ip,/central.cdn.ip:8087/cat/3/a/0/live/smil:102.smil/102/102high/chunklist.m3u8,.m3u8,manifest,,200,OK,edge.cdn.local.ip,30080,edge.cdn.local.ip:30080,application/x-mpegURL,2610,application/x-mpegurl,2610,,2769,159,418,167,,0,167,0,,1,0,0,1
2026-03-06T11:39:50.719+00:00,http://edge.cdn.local.ip:30080/central.cdn.ip:8087/cat/3/a/0/live/smil:102.smil/102/102high/chunklist_1080367.ts?bcod=8bf7437b-457a-3a66-94ea-3ec5a50fc74f,edge.cdn.local.ip,/central.cdn.ip:8087/cat/3/a/0/live/smil:102.smil/102/102high/chunklist_1080367.ts,.ts,chunk,1080367,200,OK,edge.cdn.local.ip,30080,edge.cdn.local.ip:30080,video/MP2T,1175188,video/mp2t,1175188,base64,1175339,151,424,614,,0,598,16,73458687.5,1,0,0,1
2026-03-06T11:39:56.420+00:00,http://edge.cdn.local.ip:30080/central.cdn.ip:8087/cat/3/a/0/live/smil:102.smil/102/102high/chunklist.m3u8?bcod=8bf7437b-457a-3a66-94ea-3ec5a50fc74f,edge.cdn.local.ip,/central.cdn.ip:8087/cat/3/a/0/live/smil:102.smil/102/102high/chunklist.m3u8,.m3u8,manifest,,200,OK,edge.cdn.local.ip,30080,edge.cdn.local.ip:30080,application/x-mpegURL,2610,application/x-mpegurl,2610,,2769,159,418,169,,0,169,0,,1,0,0,1
2026-03-06T11:39:57.063+00:00,http://edge.cdn.local.ip:30080/central.cdn.ip:8087/cat/3/a/0/live/smil:102.smil/102/102high/chunklist_1080368.ts?bcod=8bf7437b-457a-3a66-94ea-3ec5a50fc74f,edge.cdn.local.ip,/central.cdn.ip:8087/cat/3/a/0/live/smil:102.smil/102/102high/chunklist_1080368.ts,.ts,chunk,1080368,200,OK,edge.cdn.local.ip,30080,edge.cdn.local.ip:30080,video/MP2T,1152252,video/mp2t,1152252,base64,1152403,151,424,1568,,0,600,968,1190498.9669421487,1,0,0,1
2026-03-06T11:40:02.422+00:00,http://edge.cdn.local.ip:30080/central.cdn.ip:8087/cat/3/a/0/live/smil:102.smil/102/102high/chunklist.m3u8?bcod=8bf7437b-457a-3a66-94ea-3ec5a50fc74f,edge.cdn.local.ip,/central.cdn.ip:8087/cat/3/a/0/live/smil:102.smil/102/102high/chunklist.m3u8,.m3u8,manifest,,200,OK,edge.cdn.local.ip,30080,edge.cdn.local.ip:30080,application/x-mpegURL,2610,application/x-mpegurl,2610,,2769,159,418,167,,0,167,0,,1,0,0,1
2026-03-06T11:40:02.650+00:00,http://edge.cdn.local.ip:30080/central.cdn.ip:8087/cat/3/a/0/live/smil:102.smil/102/102high/chunklist_1080369.ts?bcod=8bf7437b-457a-3a66-94ea-3ec5a50fc74f,edge.cdn.local.ip,/central.cdn.ip:8087/cat/3/a/0/live/smil:102.smil/102/102high/chunklist_1080369.ts,.ts,chunk,1080369,200,OK,edge.cdn.local.ip,30080,edge.cdn.local.ip:30080,video/MP2T,1217864,video/mp2t,1217864,base64,1218015,151,424,1037,0,0,602,435,2800034.4827586208,1,0,0,1
2026-03-06T11:40:08.428+00:00,http://edge.cdn.local.ip:30080/central.cdn.ip:8087/cat/3/a/0/live/smil:102.smil/102/102high/chunklist.m3u8?bcod=8bf7437b-457a-3a66-94ea-3ec5a50fc74f,edge.cdn.local.ip,/central.cdn.ip:8087/cat/3/a/0/live/smil:102.smil/102/102high/chunklist.m3u8,.m3u8,manifest,,200,OK,edge.cdn.local.ip,30080,edge.cdn.local.ip:30080,application/x-mpegURL,2610,application/x-mpegurl,2610,,2769,159,418,168,,0,168,0,,1,0,0,1
2026-03-06T11:40:09.284+00:00,http://edge.cdn.local.ip:30080/central.cdn.ip:8087/cat/3/a/0/live/smil:102.smil/102/102high/chunklist_1080370.ts?bcod=8bf7437b-457a-3a66-94ea-3ec5a50fc74f,edge.cdn.local.ip,/central.cdn.ip:8087/cat/3/a/0/live/smil:102.smil/102/102high/chunklist_1080370.ts,.ts,chunk,1080370,200,OK,edge.cdn.local.ip,30080,edge.cdn.local.ip:30080,video/MP2T,1134768,video/mp2t,1134768,base64,1134919,151,424,1180,0,0,598,582,1950032.64604811,1,0,0,1
2026-03-06T11:40:15.249+00:00,http://edge.cdn.local.ip:30080/central.cdn.ip:8087/cat/3/a/0/live/smil:102.smil/102/102high/chunklist.m3u8?bcod=8bf7437b-457a-3a66-94ea-3ec5a50fc74f,edge.cdn.local.ip,/central.cdn.ip:8087/cat/3/a/0/live/smil:102.smil/102/102high/chunklist.m3u8,.m3u8,manifest,,200,OK,edge.cdn.local.ip,30080,edge.cdn.local.ip:30080,application/x-mpegURL,2610,application/x-mpegurl,2610,,2769,159,418,167,,0,167,0,,1,0,0,1
2026-03-06T11:40:17.066+00:00,http://edge.cdn.local.ip:30080/central.cdn.ip:8087/cat/3/a/0/live/smil:102.smil/102/102high/chunklist_1080371.ts?bcod=8bf7437b-457a-3a66-94ea-3ec5a50fc74f,edge.cdn.local.ip,/central.cdn.ip:8087/cat/3/a/0/live/smil:102.smil/102/102high/chunklist_1080371.ts,.ts,chunk,1080371,200,OK,edge.cdn.local.ip,30080,edge.cdn.local.ip:30080,video/MP2T,1167292,video/mp2t,1167292,base64,1167443,151,424,1279,,0,598,681,1714306.9016152716,1,0,0,1
2026-03-06T11:40:22.719+00:00,http://edge.cdn.local.ip:30080/central.cdn.ip:8087/cat/3/a/0/live/smil:102.smil/102/102high/chunklist.m3u8?bcod=8bf7437b-457a-3a66-94ea-3ec5a50fc74f,edge.cdn.local.ip,/central.cdn.ip:8087/cat/3/a/0/live/smil:102.smil/102/102high/chunklist.m3u8,.m3u8,manifest,,200,OK,edge.cdn.local.ip,30080,edge.cdn.local.ip:30080,application/x-mpegURL,2610,application/x-mpegurl,2610,,2769,159,418,167,,0,167,0,,1,0,0,1
2026-03-06T11:40:23.437+00:00,http://edge.cdn.local.ip:30080/central.cdn.ip:8087/cat/3/a/0/live/smil:102.smil/102/102high/chunklist_1080372.ts?bcod=8bf7437b-457a-3a66-94ea-3ec5a50fc74f,edge.cdn.local.ip,/central.cdn.ip:8087/cat/3/a/0/live/smil:102.smil/102/102high/chunklist_1080372.ts,.ts,chunk,1080372,200,OK,edge.cdn.local.ip,30080,edge.cdn.local.ip:30080,video/MP2T,1264488,video/mp2t,1264488,base64,1264639,151,424,1063,,0,621,442,2861174.2081447965,1,0,0,1
2026-03-06T11:40:26.429+00:00,http://edge.cdn.local.ip:30080/central.cdn.ip:8087/cat/3/a/0/live/smil:102.smil/102/102high/chunklist.m3u8?bcod=8bf7437b-457a-3a66-94ea-3ec5a50fc74f,edge.cdn.local.ip,/central.cdn.ip:8087/cat/3/a/0/live/smil:102.smil/102/102high/chunklist.m3u8,.m3u8,manifest,,200,OK,edge.cdn.local.ip,30080,edge.cdn.local.ip:30080,application/x-mpegURL,2610,application/x-mpegurl,2610,,2769,159,418,167,0,0,167,0,,1,0,0,1
2026-03-06T11:40:26.766+00:00,http://edge.cdn.local.ip:30080/central.cdn.ip:8087/cat/3/a/0/live/smil:102.smil/102/102high/chunklist_1080373.ts?bcod=8bf7437b-457a-3a66-94ea-3ec5a50fc74f,edge.cdn.local.ip,/central.cdn.ip:8087/cat/3/a/0/live/smil:102.smil/102/102high/chunklist_1080373.ts,.ts,chunk,1080373,200,OK,edge.cdn.local.ip,30080,edge.cdn.local.ip:30080,video/MP2T,1149056,video/mp2t,1149056,base64,1149207,151,424,1402,0,0,758,644,1784482.9192546583,1,0,0,1
2026-03-06T11:40:32.621+00:00,http://edge.cdn.local.ip:30080/central.cdn.ip:8087/cat/3/a/0/live/smil:102.smil/102/102high/chunklist.m3u8?bcod=8bf7437b-457a-3a66-94ea-3ec5a50fc74f,edge.cdn.local.ip,/central.cdn.ip:8087/cat/3/a/0/live/smil:102.smil/102/102high/chunklist.m3u8,.m3u8,manifest,,200,OK,edge.cdn.local.ip,30080,edge.cdn.local.ip:30080,application/x-mpegURL,2610,application/x-mpegurl,2610,,2769,159,418,167,,0,167,0,,1,0,0,1
2026-03-06T11:40:33.182+00:00,http://edge.cdn.local.ip:30080/central.cdn.ip:8087/cat/3/a/0/live/smil:102.smil/102/102high/chunklist_1080374.ts?bcod=8bf7437b-457a-3a66-94ea-3ec5a50fc74f,edge.cdn.local.ip,/central.cdn.ip:8087/cat/3/a/0/live/smil:102.smil/102/102high/chunklist_1080374.ts,.ts,chunk,1080374,200,OK,edge.cdn.local.ip,30080,edge.cdn.local.ip:30080,video/MP2T,1132512,video/mp2t,1132512,base64,1132663,151,424,1083,,0,598,485,2335387.6288659796,1,0,0,1
2026-03-06T11:40:38.437+00:00,http://edge.cdn.local.ip:30080/central.cdn.ip:8087/cat/3/a/0/live/smil:102.smil/102/102high/chunklist.m3u8?bcod=8bf7437b-457a-3a66-94ea-3ec5a50fc74f,edge.cdn.local.ip,/central.cdn.ip:8087/cat/3/a/0/live/smil:102.smil/102/102high/chunklist.m3u8,.m3u8,manifest,,200,OK,edge.cdn.local.ip,30080,edge.cdn.local.ip:30080,application/x-mpegURL,2610,application/x-mpegurl,2610,,2769,159,418,168,0,0,168,0,,1,0,0,1
2026-03-06T11:40:38.816+00:00,http://edge.cdn.local.ip:30080/central.cdn.ip:8087/cat/3/a/0/live/smil:102.smil/102/102high/chunklist_1080375.ts?bcod=8bf7437b-457a-3a66-94ea-3ec5a50fc74f,edge.cdn.local.ip,/central.cdn.ip:8087/cat/3/a/0/live/smil:102.smil/102/102high/chunklist_1080375.ts,.ts,chunk,1080375,200,OK,edge.cdn.local.ip,30080,edge.cdn.local.ip:30080,video/MP2T,1138340,video/mp2t,1138340,base64,1138491,151,424,614,,0,598,16,71155687.5,1,0,0,1
2026-03-06T11:40:44.446+00:00,http://edge.cdn.local.ip:30080/central.cdn.ip:8087/cat/3/a/0/live/smil:102.smil/102/102high/chunklist.m3u8?bcod=8bf7437b-457a-3a66-94ea-3ec5a50fc74f,edge.cdn.local.ip,/central.cdn.ip:8087/cat/3/a/0/live/smil:102.smil/102/102high/chunklist.m3u8,.m3u8,manifest,,200,OK,edge.cdn.local.ip,30080,edge.cdn.local.ip:30080,application/x-mpegURL,2610,application/x-mpegurl,2610,,2769,159,418,168,,0,168,0,,1,0,0,1
2026-03-06T11:40:44.805+00:00,http://edge.cdn.local.ip:30080/central.cdn.ip:8087/cat/3/a/0/live/smil:102.smil/102/102high/chunklist_1080376.ts?bcod=8bf7437b-457a-3a66-94ea-3ec5a50fc74f,edge.cdn.local.ip,/central.cdn.ip:8087/cat/3/a/0/live/smil:102.smil/102/102high/chunklist_1080376.ts,.ts,chunk,1080376,200,OK,edge.cdn.local.ip,30080,edge.cdn.local.ip:30080,video/MP2T,1182896,video/mp2t,1182896,base64,1183047,151,424,752,,0,601,151,7834748.344370862,1,0,0,1
2026-03-06T11:40:50.444+00:00,http://edge.cdn.local.ip:30080/central.cdn.ip:8087/cat/3/a/0/live/smil:102.smil/102/102high/chunklist.m3u8?bcod=8bf7437b-457a-3a66-94ea-3ec5a50fc74f,edge.cdn.local.ip,/central.cdn.ip:8087/cat/3/a/0/live/smil:102.smil/102/102high/chunklist.m3u8,.m3u8,manifest,,200,OK,edge.cdn.local.ip,30080,edge.cdn.local.ip:30080,application/x-mpegURL,2610,application/x-mpegurl,2610,,2769,159,418,169,,0,169,0,,1,0,0,1
2026-03-06T11:40:50.710+00:00,http://edge.cdn.local.ip:30080/central.cdn.ip:8087/cat/3/a/0/live/smil:102.smil/102/102high/chunklist_1080377.ts?bcod=8bf7437b-457a-3a66-94ea-3ec5a50fc74f,edge.cdn.local.ip,/central.cdn.ip:8087/cat/3/a/0/live/smil:102.smil/102/102high/chunklist_1080377.ts,.ts,chunk,1080377,200,OK,edge.cdn.local.ip,30080,edge.cdn.local.ip:30080,video/MP2T,1149432,video/mp2t,1149432,base64,1149583,151,424,661,,0,599,62,18541661.29032258,1,0,0,1
2026-03-06T11:40:56.443+00:00,http://edge.cdn.local.ip:30080/central.cdn.ip:8087/cat/3/a/0/live/smil:102.smil/102/102high/chunklist.m3u8?bcod=8bf7437b-457a-3a66-94ea-3ec5a50fc74f,edge.cdn.local.ip,/central.cdn.ip:8087/cat/3/a/0/live/smil:102.smil/102/102high/chunklist.m3u8,.m3u8,manifest,,200,OK,edge.cdn.local.ip,30080,edge.cdn.local.ip:30080,application/x-mpegURL,2610,application/x-mpegurl,2610,,2769,159,418,169,,0,169,0,,1,0,0,1
2026-03-06T11:40:56.825+00:00,http://edge.cdn.local.ip:30080/central.cdn.ip:8087/cat/3/a/0/live/smil:102.smil/102/102high/chunklist_1080378.ts?bcod=8bf7437b-457a-3a66-94ea-3ec5a50fc74f,edge.cdn.local.ip,/central.cdn.ip:8087/cat/3/a/0/live/smil:102.smil/102/102high/chunklist_1080378.ts,.ts,chunk,1080378,200,OK,edge.cdn.local.ip,30080,edge.cdn.local.ip:30080,video/MP2T,1164096,video/mp2t,1164096,base64,1164247,151,424,650,,0,604,46,25309717.391304348,1,0,0,1
2026-03-06T11:41:02.447+00:00,http://edge.cdn.local.ip:30080/central.cdn.ip:8087/cat/3/a/0/live/smil:102.smil/102/102high/chunklist.m3u8?bcod=8bf7437b-457a-3a66-94ea-3ec5a50fc74f,edge.cdn.local.ip,/central.cdn.ip:8087/cat/3/a/0/live/smil:102.smil/102/102high/chunklist.m3u8,.m3u8,manifest,,200,OK,edge.cdn.local.ip,30080,edge.cdn.local.ip:30080,application/x-mpegURL,2610,application/x-mpegurl,2610,,2769,159,418,171,,0,171,0,,1,0,0,1
2026-03-06T11:41:02.875+00:00,http://edge.cdn.local.ip:30080/central.cdn.ip:8087/cat/3/a/0/live/smil:102.smil/102/102high/chunklist_1080379.ts?bcod=8bf7437b-457a-3a66-94ea-3ec5a50fc74f,edge.cdn.local.ip,/central.cdn.ip:8087/cat/3/a/0/live/smil:102.smil/102/102high/chunklist_1080379.ts,.ts,chunk,1080379,200,OK,edge.cdn.local.ip,30080,edge.cdn.local.ip:30080,video/MP2T,1298140,video/mp2t,1298140,base64,1298291,151,424,742,,0,664,78,16644756.41025641,1,0,0,1
2026-03-06T11:41:10.167+00:00,http://edge.cdn.local.ip:30080/central.cdn.ip:8087/cat/3/a/0/live/smil:102.smil/102/102high/chunklist.m3u8?bcod=8bf7437b-457a-3a66-94ea-3ec5a50fc74f,edge.cdn.local.ip,/central.cdn.ip:8087/cat/3/a/0/live/smil:102.smil/102/102high/chunklist.m3u8,.m3u8,manifest,,200,OK,edge.cdn.local.ip,30080,edge.cdn.local.ip:30080,application/x-mpegURL,2610,application/x-mpegurl,2610,,2769,159,418,172,2,0,170,0,,1,0,0,1
2026-03-06T11:41:13.387+00:00,http://edge.cdn.local.ip:30080/central.cdn.ip:8087/cat/3/a/0/live/smil:102.smil/102/102high/chunklist_1080380.ts?bcod=8bf7437b-457a-3a66-94ea-3ec5a50fc74f,edge.cdn.local.ip,/central.cdn.ip:8087/cat/3/a/0/live/smil:102.smil/102/102high/chunklist_1080380.ts,.ts,chunk,1080380,200,OK,edge.cdn.local.ip,30080,edge.cdn.local.ip:30080,video/MP2T,1178760,video/mp2t,1178760,base64,1178911,151,424,607,,0,601,6,196485166.66666666,1,0,0,1
2026-03-06T11:41:16.539+00:00,http://edge.cdn.local.ip:30080/central.cdn.ip:8087/cat/3/a/0/live/smil:102.smil/102/102high/chunklist.m3u8?bcod=8bf7437b-457a-3a66-94ea-3ec5a50fc74f,edge.cdn.local.ip,/central.cdn.ip:8087/cat/3/a/0/live/smil:102.smil/102/102high/chunklist.m3u8,.m3u8,manifest,,200,OK,edge.cdn.local.ip,30080,edge.cdn.local.ip:30080,application/x-mpegURL,2610,application/x-mpegurl,2610,,2769,159,418,169,,0,169,0,,1,0,0,1
2026-03-06T11:41:16.781+00:00,http://edge.cdn.local.ip:30080/central.cdn.ip:8087/cat/3/a/0/live/smil:102.smil/102/102high/chunklist_1080381.ts?bcod=8bf7437b-457a-3a66-94ea-3ec5a50fc74f,edge.cdn.local.ip,/central.cdn.ip:8087/cat/3/a/0/live/smil:102.smil/102/102high/chunklist_1080381.ts,.ts,chunk,1080381,200,OK,edge.cdn.local.ip,30080,edge.cdn.local.ip:30080,video/MP2T,1037008,video/mp2t,1037008,base64,1037159,151,424,2396,0,0,590,1806,574285.1605758582,1,0,0,1
2026-03-06T11:41:23.744+00:00,http://edge.cdn.local.ip:30080/central.cdn.ip:8087/cat/3/a/0/live/smil:102.smil/102/102high/chunklist.m3u8?bcod=8bf7437b-457a-3a66-94ea-3ec5a50fc74f,edge.cdn.local.ip,/central.cdn.ip:8087/cat/3/a/0/live/smil:102.smil/102/102high/chunklist.m3u8,.m3u8,manifest,,200,OK,edge.cdn.local.ip,30080,edge.cdn.local.ip:30080,application/x-mpegURL,2610,application/x-mpegurl,2610,,2769,159,418,168,,0,168,0,,1,0,0,1
2026-03-06T11:41:24.015+00:00,http://edge.cdn.local.ip:30080/central.cdn.ip:8087/cat/3/a/0/live/smil:102.smil/102/102high/chunklist_1080382.ts?bcod=8bf7437b-457a-3a66-94ea-3ec5a50fc74f,edge.cdn.local.ip,/central.cdn.ip:8087/cat/3/a/0/live/smil:102.smil/102/102high/chunklist_1080382.ts,.ts,chunk,1080382,200,OK,edge.cdn.local.ip,30080,edge.cdn.local.ip:30080,video/MP2T,1184964,video/mp2t,1184964,base64,1185115,151,424,2144,0,0,602,1542,768557.0687418936,1,0,0,1
2026-03-06T11:41:31.973+00:00,http://edge.cdn.local.ip:30080/central.cdn.ip:8087/cat/3/a/0/live/smil:102.smil/102/102high/chunklist.m3u8?bcod=8bf7437b-457a-3a66-94ea-3ec5a50fc74f,edge.cdn.local.ip,/central.cdn.ip:8087/cat/3/a/0/live/smil:102.smil/102/102high/chunklist.m3u8,.m3u8,manifest,,200,OK,edge.cdn.local.ip,30080,edge.cdn.local.ip:30080,application/x-mpegURL,2610,application/x-mpegurl,2610,,2769,159,418,168,,0,168,0,,1,0,0,1
2026-03-06T11:41:32.116+00:00,http://edge.cdn.local.ip:30080/central.cdn.ip:8087/cat/3/a/0/live/smil:102.smil/102/102high/chunklist_1080383.ts?bcod=8bf7437b-457a-3a66-94ea-3ec5a50fc74f,edge.cdn.local.ip,/central.cdn.ip:8087/cat/3/a/0/live/smil:102.smil/102/102high/chunklist_1080383.ts,.ts,chunk,1080383,200,OK,edge.cdn.local.ip,30080,edge.cdn.local.ip:30080,video/MP2T,1222376,video/mp2t,1222376,base64,1222527,151,424,1088,0,0,757,331,3693435.0453172205,1,0,0,1
2026-03-06T11:41:34.609+00:00,http://edge.cdn.local.ip:30080/central.cdn.ip:8087/cat/3/a/0/live/smil:102.smil/102/102high/chunklist.m3u8?bcod=8bf7437b-457a-3a66-94ea-3ec5a50fc74f,edge.cdn.local.ip,/central.cdn.ip:8087/cat/3/a/0/live/smil:102.smil/102/102high/chunklist.m3u8,.m3u8,manifest,,200,OK,edge.cdn.local.ip,30080,edge.cdn.local.ip:30080,application/x-mpegURL,2610,application/x-mpegurl,2610,,2769,159,418,85,,0,85,0,,1,0,0,1
2026-03-06T11:41:34.741+00:00,http://edge.cdn.local.ip:30080/central.cdn.ip:8087/cat/3/a/0/live/smil:102.smil/102/102high/chunklist_1080384.ts?bcod=8bf7437b-457a-3a66-94ea-3ec5a50fc74f,edge.cdn.local.ip,/central.cdn.ip:8087/cat/3/a/0/live/smil:102.smil/102/102high/chunklist_1080384.ts,.ts,chunk,1080384,200,OK,edge.cdn.local.ip,30080,edge.cdn.local.ip:30080,video/MP2T,1179512,video/mp2t,1179512,base64,1179663,151,424,715,,0,601,114,10347921.05263158,1,0,0,1
2026-03-06T11:41:37.147+00:00,http://edge.cdn.local.ip:30080/central.cdn.ip:8087/cat/3/a/0/live/smil:102.smil/102/102high/chunklist.m3u8?bcod=8bf7437b-457a-3a66-94ea-3ec5a50fc74f,edge.cdn.local.ip,/central.cdn.ip:8087/cat/3/a/0/live/smil:102.smil/102/102high/chunklist.m3u8,.m3u8,manifest,,200,OK,edge.cdn.local.ip,30080,edge.cdn.local.ip:30080,application/x-mpegURL,2610,application/x-mpegurl,2610,,2769,159,418,168,0,0,168,0,,1,0,0,1
2026-03-06T11:41:39.046+00:00,http://edge.cdn.local.ip:30080/central.cdn.ip:8087/cat/3/a/0/live/smil:102.smil/102/102high/chunklist_1080385.ts?bcod=8bf7437b-457a-3a66-94ea-3ec5a50fc74f,edge.cdn.local.ip,/central.cdn.ip:8087/cat/3/a/0/live/smil:102.smil/102/102high/chunklist_1080385.ts,.ts,chunk,1080385,200,OK,edge.cdn.local.ip,30080,edge.cdn.local.ip:30080,video/MP2T,1088520,video/mp2t,1088520,base64,1088671,151,424,1914,,0,593,1321,824126.4193792582,1,0,0,1
2026-03-06T11:41:43.575+00:00,http://edge.cdn.local.ip:30080/central.cdn.ip:8087/cat/3/a/0/live/smil:102.smil/102/102high/chunklist.m3u8?bcod=8bf7437b-457a-3a66-94ea-3ec5a50fc74f,edge.cdn.local.ip,/central.cdn.ip:8087/cat/3/a/0/live/smil:102.smil/102/102high/chunklist.m3u8,.m3u8,manifest,,200,OK,edge.cdn.local.ip,30080,edge.cdn.local.ip:30080,application/x-mpegURL,2610,application/x-mpegurl,2610,,2769,159,418,168,,0,168,0,,1,0,0,1
2026-03-06T11:41:45.322+00:00,http://edge.cdn.local.ip:30080/central.cdn.ip:8087/cat/3/a/0/live/smil:102.smil/102/102high/chunklist_1080386.ts?bcod=8bf7437b-457a-3a66-94ea-3ec5a50fc74f,edge.cdn.local.ip,/central.cdn.ip:8087/cat/3/a/0/live/smil:102.smil/102/102high/chunklist_1080386.ts,.ts,chunk,1080386,200,OK,edge.cdn.local.ip,30080,edge.cdn.local.ip:30080,video/MP2T,1175000,video/mp2t,1175000,base64,1175151,151,424,769,,0,601,168,6994946.428571428,1,0,0,1
2026-03-06T11:41:49.158+00:00,http://edge.cdn.local.ip:30080/central.cdn.ip:8087/cat/3/a/0/live/smil:102.smil/102/102high/chunklist.m3u8?bcod=8bf7437b-457a-3a66-94ea-3ec5a50fc74f,edge.cdn.local.ip,/central.cdn.ip:8087/cat/3/a/0/live/smil:102.smil/102/102high/chunklist.m3u8,.m3u8,manifest,,200,OK,edge.cdn.local.ip,30080,edge.cdn.local.ip:30080,application/x-mpegURL,2610,application/x-mpegurl,2610,,2769,159,418,171,,0,171,0,,1,0,0,1
2026-03-06T11:41:49.541+00:00,http://edge.cdn.local.ip:30080/central.cdn.ip:8087/cat/3/a/0/live/smil:102.smil/102/102high/chunklist_1080387.ts?bcod=8bf7437b-457a-3a66-94ea-3ec5a50fc74f,edge.cdn.local.ip,/central.cdn.ip:8087/cat/3/a/0/live/smil:102.smil/102/102high/chunklist_1080387.ts,.ts,chunk,1080387,200,OK,edge.cdn.local.ip,30080,edge.cdn.local.ip:30080,video/MP2T,1176128,video/mp2t,1176128,base64,1176279,151,424,1801,,0,604,1197,982689.2230576441,1,0,0,1
2026-03-06T11:41:55.160+00:00,http://edge.cdn.local.ip:30080/central.cdn.ip:8087/cat/3/a/0/live/smil:102.smil/102/102high/chunklist.m3u8?bcod=8bf7437b-457a-3a66-94ea-3ec5a50fc74f,edge.cdn.local.ip,/central.cdn.ip:8087/cat/3/a/0/live/smil:102.smil/102/102high/chunklist.m3u8,.m3u8,manifest,,200,OK,edge.cdn.local.ip,30080,edge.cdn.local.ip:30080,application/x-mpegURL,2610,application/x-mpegurl,2610,,2769,159,418,169,,0,169,0,,1,0,0,1
2026-03-06T11:41:56.912+00:00,http://edge.cdn.local.ip:30080/central.cdn.ip:8087/cat/3/a/0/live/smil:102.smil/102/102high/chunklist_1080388.ts?bcod=8bf7437b-457a-3a66-94ea-3ec5a50fc74f,edge.cdn.local.ip,/central.cdn.ip:8087/cat/3/a/0/live/smil:102.smil/102/102high/chunklist_1080388.ts,.ts,chunk,1080388,200,OK,edge.cdn.local.ip,30080,edge.cdn.local.ip:30080,video/MP2T,1193424,video/mp2t,1193424,base64,1193575,151,424,1806,,0,604,1202,992990.8485856906,1,0,0,1
2026-03-06T11:42:01.957+00:00,http://edge.cdn.local.ip:30080/central.cdn.ip:8087/cat/3/a/0/live/smil:102.smil/102/102high/chunklist.m3u8?bcod=8bf7437b-457a-3a66-94ea-3ec5a50fc74f,edge.cdn.local.ip,/central.cdn.ip:8087/cat/3/a/0/live/smil:102.smil/102/102high/chunklist.m3u8,.m3u8,manifest,,200,OK,edge.cdn.local.ip,30080,edge.cdn.local.ip:30080,application/x-mpegURL,2610,application/x-mpegurl,2610,,2769,159,418,177,,0,177,0,,1,0,0,1
2026-03-06T11:42:03.154+00:00,http://edge.cdn.local.ip:30080/central.cdn.ip:8087/cat/3/a/0/live/smil:102.smil/102/102high/chunklist_1080389.ts?bcod=8bf7437b-457a-3a66-94ea-3ec5a50fc74f,edge.cdn.local.ip,/central.cdn.ip:8087/cat/3/a/0/live/smil:102.smil/102/102high/chunklist_1080389.ts,.ts,chunk,1080389,200,OK,edge.cdn.local.ip,30080,edge.cdn.local.ip:30080,video/MP2T,1224820,video/mp2t,1224820,base64,1224971,151,424,1440,,0,606,834,1468790.1678657075,1,0,0,1
2026-03-06T11:42:08.438+00:00,http://edge.cdn.local.ip:30080/central.cdn.ip:8087/cat/3/a/0/live/smil:102.smil/102/102high/chunklist.m3u8?bcod=8bf7437b-457a-3a66-94ea-3ec5a50fc74f,edge.cdn.local.ip,/central.cdn.ip:8087/cat/3/a/0/live/smil:102.smil/102/102high/chunklist.m3u8,.m3u8,manifest,,200,OK,edge.cdn.local.ip,30080,edge.cdn.local.ip:30080,application/x-mpegURL,2610,application/x-mpegurl,2610,,2769,159,418,168,,0,168,0,,1,0,0,1
2026-03-06T11:42:09.573+00:00,http://edge.cdn.local.ip:30080/central.cdn.ip:8087/cat/3/a/0/live/smil:102.smil/102/102high/chunklist_1080390.ts?bcod=8bf7437b-457a-3a66-94ea-3ec5a50fc74f,edge.cdn.local.ip,/central.cdn.ip:8087/cat/3/a/0/live/smil:102.smil/102/102high/chunklist_1080390.ts,.ts,chunk,1080390,200,OK,edge.cdn.local.ip,30080,edge.cdn.local.ip:30080,video/MP2T,1089836,video/mp2t,1089836,base64,1089987,151,424,1179,,0,617,562,1939478.6476868326,1,0,0,1
2026-03-06T11:42:13.833+00:00,http://edge.cdn.local.ip:30080/central.cdn.ip:8087/cat/3/a/0/live/smil:102.smil/102/102high/chunklist.m3u8?bcod=8bf7437b-457a-3a66-94ea-3ec5a50fc74f,edge.cdn.local.ip,/central.cdn.ip:8087/cat/3/a/0/live/smil:102.smil/102/102high/chunklist.m3u8,.m3u8,manifest,,200,OK,edge.cdn.local.ip,30080,edge.cdn.local.ip:30080,application/x-mpegURL,2610,application/x-mpegurl,2610,,2769,159,418,168,,0,168,0,,1,0,0,1
2026-03-06T11:42:15.198+00:00,http://edge.cdn.local.ip:30080/central.cdn.ip:8087/cat/3/a/0/live/smil:102.smil/102/102high/chunklist_1080391.ts?bcod=8bf7437b-457a-3a66-94ea-3ec5a50fc74f,edge.cdn.local.ip,/central.cdn.ip:8087/cat/3/a/0/live/smil:102.smil/102/102high/chunklist_1080391.ts,.ts,chunk,1080391,200,OK,edge.cdn.local.ip,30080,edge.cdn.local.ip:30080,video/MP2T,1229708,video/mp2t,1229708,base64,1229859,151,424,1243,0,0,607,636,1933740.566037736,1,0,0,1
2026-03-06T11:42:19.464+00:00,http://edge.cdn.local.ip:30080/central.cdn.ip:8087/cat/3/a/0/live/smil:102.smil/102/102high/chunklist.m3u8?bcod=8bf7437b-457a-3a66-94ea-3ec5a50fc74f,edge.cdn.local.ip,/central.cdn.ip:8087/cat/3/a/0/live/smil:102.smil/102/102high/chunklist.m3u8,.m3u8,manifest,,200,OK,edge.cdn.local.ip,30080,edge.cdn.local.ip:30080,application/x-mpegURL,2610,application/x-mpegurl,2610,,2769,159,418,172,,0,172,0,,1,0,0,1
2026-03-06T11:42:20.746+00:00,http://edge.cdn.local.ip:30080/central.cdn.ip:8087/cat/3/a/0/live/smil:102.smil/102/102high/chunklist_1080392.ts?bcod=8bf7437b-457a-3a66-94ea-3ec5a50fc74f,edge.cdn.local.ip,/central.cdn.ip:8087/cat/3/a/0/live/smil:102.smil/102/102high/chunklist_1080392.ts,.ts,chunk,1080392,200,OK,edge.cdn.local.ip,30080,edge.cdn.local.ip:30080,video/MP2T,1102432,video/mp2t,1102432,base64,1102583,151,424,1435,,0,596,839,1314163.2896305125,1,0,0,1
2026-03-06T11:42:27.110+00:00,http://edge.cdn.local.ip:30080/central.cdn.ip:8087/cat/3/a/0/live/smil:102.smil/102/102high/chunklist.m3u8?bcod=8bf7437b-457a-3a66-94ea-3ec5a50fc74f,edge.cdn.local.ip,/central.cdn.ip:8087/cat/3/a/0/live/smil:102.smil/102/102high/chunklist.m3u8,.m3u8,manifest,,200,OK,edge.cdn.local.ip,30080,edge.cdn.local.ip:30080,application/x-mpegURL,2610,application/x-mpegurl,2610,,2769,159,418,168,,0,168,0,,1,0,0,1
2026-03-06T11:42:27.881+00:00,http://edge.cdn.local.ip:30080/central.cdn.ip:8087/cat/3/a/0/live/smil:102.smil/102/102high/chunklist_1080393.ts?bcod=8bf7437b-457a-3a66-94ea-3ec5a50fc74f,edge.cdn.local.ip,/central.cdn.ip:8087/cat/3/a/0/live/smil:102.smil/102/102high/chunklist_1080393.ts,.ts,chunk,1080393,200,OK,edge.cdn.local.ip,30080,edge.cdn.local.ip:30080,video/MP2T,1252644,video/mp2t,1252644,base64,1252795,151,424,949,,0,610,339,3695560.471976401,1,0,0,1
2026-03-06T11:42:31.169+00:00,http://edge.cdn.local.ip:30080/central.cdn.ip:8087/cat/3/a/0/live/smil:102.smil/102/102high/chunklist.m3u8?bcod=8bf7437b-457a-3a66-94ea-3ec5a50fc74f,edge.cdn.local.ip,/central.cdn.ip:8087/cat/3/a/0/live/smil:102.smil/102/102high/chunklist.m3u8,.m3u8,manifest,,200,OK,edge.cdn.local.ip,30080,edge.cdn.local.ip:30080,application/x-mpegURL,2610,application/x-mpegurl,2610,,2769,159,418,175,,0,175,0,,1,0,0,1
2026-03-06T11:42:31.793+00:00,http://edge.cdn.local.ip:30080/central.cdn.ip:8087/cat/3/a/0/live/smil:102.smil/102/102high/chunklist_1080394.ts?bcod=8bf7437b-457a-3a66-94ea-3ec5a50fc74f,edge.cdn.local.ip,/central.cdn.ip:8087/cat/3/a/0/live/smil:102.smil/102/102high/chunklist_1080394.ts,.ts,chunk,1080394,200,OK,edge.cdn.local.ip,30080,edge.cdn.local.ip:30080,video/MP2T,1148116,video/mp2t,1148116,base64,1148267,151,424,934,0,0,599,335,3427662.686567164,1,0,0,1
2026-03-06T11:42:37.170+00:00,http://edge.cdn.local.ip:30080/central.cdn.ip:8087/cat/3/a/0/live/smil:102.smil/102/102high/chunklist.m3u8?bcod=8bf7437b-457a-3a66-94ea-3ec5a50fc74f,edge.cdn.local.ip,/central.cdn.ip:8087/cat/3/a/0/live/smil:102.smil/102/102high/chunklist.m3u8,.m3u8,manifest,,200,OK,edge.cdn.local.ip,30080,edge.cdn.local.ip:30080,application/x-mpegURL,2610,application/x-mpegurl,2610,,2769,159,418,169,,0,169,0,,1,0,0,1
2026-03-06T11:42:37.926+00:00,http://edge.cdn.local.ip:30080/central.cdn.ip:8087/cat/3/a/0/live/smil:102.smil/102/102high/chunklist_1080395.ts?bcod=8bf7437b-457a-3a66-94ea-3ec5a50fc74f,edge.cdn.local.ip,/central.cdn.ip:8087/cat/3/a/0/live/smil:102.smil/102/102high/chunklist_1080395.ts,.ts,chunk,1080395,200,OK,edge.cdn.local.ip,30080,edge.cdn.local.ip:30080,video/MP2T,1125744,video/mp2t,1125744,base64,1125895,151,424,825,,0,599,226,4981836.283185841,1,0,0,1
2026-03-06T11:42:43.174+00:00,http://edge.cdn.local.ip:30080/central.cdn.ip:8087/cat/3/a/0/live/smil:102.smil/102/102high/chunklist.m3u8?bcod=8bf7437b-457a-3a66-94ea-3ec5a50fc74f,edge.cdn.local.ip,/central.cdn.ip:8087/cat/3/a/0/live/smil:102.smil/102/102high/chunklist.m3u8,.m3u8,manifest,,200,OK,edge.cdn.local.ip,30080,edge.cdn.local.ip:30080,application/x-mpegURL,2610,application/x-mpegurl,2610,,2769,159,418,169,,0,169,0,,1,0,0,1
2026-03-06T11:42:43.458+00:00,http://edge.cdn.local.ip:30080/central.cdn.ip:8087/cat/3/a/0/live/smil:102.smil/102/102high/chunklist_1080396.ts?bcod=8bf7437b-457a-3a66-94ea-3ec5a50fc74f,edge.cdn.local.ip,/central.cdn.ip:8087/cat/3/a/0/live/smil:102.smil/102/102high/chunklist_1080396.ts,.ts,chunk,1080396,200,OK,edge.cdn.local.ip,30080,edge.cdn.local.ip:30080,video/MP2T,1193800,video/mp2t,1193800,base64,1193951,151,424,998,0,0,607,391,3053583.1202046033,1,0,0,1
2026-03-06T11:42:49.174+00:00,http://edge.cdn.local.ip:30080/central.cdn.ip:8087/cat/3/a/0/live/smil:102.smil/102/102high/chunklist.m3u8?bcod=8bf7437b-457a-3a66-94ea-3ec5a50fc74f,edge.cdn.local.ip,/central.cdn.ip:8087/cat/3/a/0/live/smil:102.smil/102/102high/chunklist.m3u8,.m3u8,manifest,,200,OK,edge.cdn.local.ip,30080,edge.cdn.local.ip:30080,application/x-mpegURL,2610,application/x-mpegurl,2610,,2769,159,418,171,,0,171,0,,1,0,0,1
2026-03-06T11:42:49.483+00:00,http://edge.cdn.local.ip:30080/central.cdn.ip:8087/cat/3/a/0/live/smil:102.smil/102/102high/chunklist_1080397.ts?bcod=8bf7437b-457a-3a66-94ea-3ec5a50fc74f,edge.cdn.local.ip,/central.cdn.ip:8087/cat/3/a/0/live/smil:102.smil/102/102high/chunklist_1080397.ts,.ts,chunk,1080397,200,OK,edge.cdn.local.ip,30080,edge.cdn.local.ip:30080,video/MP2T,1129128,video/mp2t,1129128,base64,1129279,151,424,1033,0,0,597,436,2590089.4495412842,1,0,0,1
2026-03-06T11:42:55.175+00:00,http://edge.cdn.local.ip:30080/central.cdn.ip:8087/cat/3/a/0/live/smil:102.smil/102/102high/chunklist.m3u8?bcod=8bf7437b-457a-3a66-94ea-3ec5a50fc74f,edge.cdn.local.ip,/central.cdn.ip:8087/cat/3/a/0/live/smil:102.smil/102/102high/chunklist.m3u8,.m3u8,manifest,,200,OK,edge.cdn.local.ip,30080,edge.cdn.local.ip:30080,application/x-mpegURL,2610,application/x-mpegurl,2610,,2769,159,418,168,,0,168,0,,1,0,0,1
2026-03-06T11:42:57.881+00:00,http://edge.cdn.local.ip:30080/central.cdn.ip:8087/cat/3/a/0/live/smil:102.smil/102/102high/chunklist_1080398.ts?bcod=8bf7437b-457a-3a66-94ea-3ec5a50fc74f,edge.cdn.local.ip,/central.cdn.ip:8087/cat/3/a/0/live/smil:102.smil/102/102high/chunklist_1080398.ts,.ts,chunk,1080398,200,OK,edge.cdn.local.ip,30080,edge.cdn.local.ip:30080,video/MP2T,1185340,video/mp2t,1185340,base64,1185491,151,424,2267,,0,604,1663,712862.8983764282,1,0,0,1
2026-03-06T11:43:03.168+00:00,http://edge.cdn.local.ip:30080/central.cdn.ip:8087/cat/3/a/0/live/smil:102.smil/102/102high/chunklist.m3u8?bcod=8bf7437b-457a-3a66-94ea-3ec5a50fc74f,edge.cdn.local.ip,/central.cdn.ip:8087/cat/3/a/0/live/smil:102.smil/102/102high/chunklist.m3u8,.m3u8,manifest,,200,OK,edge.cdn.local.ip,30080,edge.cdn.local.ip:30080,application/x-mpegURL,2610,application/x-mpegurl,2610,,2769,159,418,169,,0,169,0,,1,0,0,1
2026-03-06T11:43:07.565+00:00,http://edge.cdn.local.ip:30080/central.cdn.ip:8087/cat/3/a/0/live/smil:102.smil/102/102high/chunklist_1080399.ts?bcod=8bf7437b-457a-3a66-94ea-3ec5a50fc74f,edge.cdn.local.ip,/central.cdn.ip:8087/cat/3/a/0/live/smil:102.smil/102/102high/chunklist_1080399.ts,.ts,chunk,1080399,200,OK,edge.cdn.local.ip,30080,edge.cdn.local.ip:30080,video/MP2T,1168420,video/mp2t,1168420,base64,1168571,151,424,1859,,0,608,1251,934109.512390088,1,0,0,1
2026-03-06T11:43:07.574+00:00,http://edge.cdn.local.ip:30080/central.cdn.ip:8087/cat/3/a/0/live/smil:102.smil/102/102high/chunklist.m3u8?bcod=8bf7437b-457a-3a66-94ea-3ec5a50fc74f,edge.cdn.local.ip,/central.cdn.ip:8087/cat/3/a/0/live/smil:102.smil/102/102high/chunklist.m3u8,.m3u8,manifest,,200,OK,edge.cdn.local.ip,30080,edge.cdn.local.ip:30080,application/x-mpegURL,2610,application/x-mpegurl,2610,,2769,159,418,177,,0,177,0,,1,0,0,1
2026-03-06T11:43:10.990+00:00,http://edge.cdn.local.ip:30080/central.cdn.ip:8087/cat/3/a/0/live/smil:102.smil/102/102high/chunklist_1080400.ts?bcod=8bf7437b-457a-3a66-94ea-3ec5a50fc74f,edge.cdn.local.ip,/central.cdn.ip:8087/cat/3/a/0/live/smil:102.smil/102/102high/chunklist_1080400.ts,.ts,chunk,1080400,200,OK,edge.cdn.local.ip,30080,edge.cdn.local.ip:30080,video/MP2T,1172368,video/mp2t,786432,base64,786583,151,424,217099,,0,605,216494,3633.2785204208894,1,0,0,1
2026-03-06T11:47:51.716+00:00,http://central.cdn.ip/getStreamer/live/115?bcod=8bf7437b-457a-3a66-94ea-3ec5a50fc74f,central.cdn.ip,/getStreamer/live/115,,other,,200,OK,central.cdn.ip,80,central.cdn.ip,text/plain,58,text/plain,51,,436,378,423,180,,83,97,0,,1,0,0,0
2026-03-06T11:48:10.129+00:00,http://edge.cdn.local.ip:30080/central.cdn.ip:8087/cat/3/a/0/live/smil:102.smil/102/102high/chunklist.m3u8?bcod=8bf7437b-457a-3a66-94ea-3ec5a50fc74f,edge.cdn.local.ip,/central.cdn.ip:8087/cat/3/a/0/live/smil:102.smil/102/102high/chunklist.m3u8,.m3u8,manifest,,0,,,,edge.cdn.local.ip:30080,,,,,,,0,0,0,,,,,,0,0,0,1
2026-03-06T11:48:10.132+00:00,http://edge.cdn.local.ip:30080/central.cdn.ip:8087/cat/3/a/0/live/smil:102.smil/102/102high/chunklist.m3u8?bcod=8bf7437b-457a-3a66-94ea-3ec5a50fc74f,edge.cdn.local.ip,/central.cdn.ip:8087/cat/3/a/0/live/smil:102.smil/102/102high/chunklist.m3u8,.m3u8,manifest,,0,,,,edge.cdn.local.ip:30080,,,,,,,0,0,0,,,,,,0,0,0,1
2026-03-06T11:48:10.133+00:00,http://edge.cdn.local.ip:30080/central.cdn.ip:8087/cat/3/a/0/live/smil:102.smil/102/102high/chunklist_1080400.ts?bcod=8bf7437b-457a-3a66-94ea-3ec5a50fc74f,edge.cdn.local.ip,/central.cdn.ip:8087/cat/3/a/0/live/smil:102.smil/102/102high/chunklist_1080400.ts,.ts,chunk,1080400,0,,,,edge.cdn.local.ip:30080,,,,,,,0,0,0,,,,,,0,0,0,1
2026-03-06T11:48:10.135+00:00,http://edge.cdn.local.ip:30080/central.cdn.ip:8087/cat/3/a/0/live/smil:102.smil/102/102high/chunklist.m3u8?bcod=8bf7437b-457a-3a66-94ea-3ec5a50fc74f,edge.cdn.local.ip,/central.cdn.ip:8087/cat/3/a/0/live/smil:102.smil/102/102high/chunklist.m3u8,.m3u8,manifest,,0,,,,edge.cdn.local.ip:30080,,,,,,,0,0,0,,,,,,0,0,0,1
2026-03-06T11:48:10.136+00:00,http://edge.cdn.local.ip:30080/central.cdn.ip:8087/cat/3/a/0/live/smil:102.smil/102/102high/chunklist_1080400.ts?bcod=8bf7437b-457a-3a66-94ea-3ec5a50fc74f,edge.cdn.local.ip,/central.cdn.ip:8087/cat/3/a/0/live/smil:102.smil/102/102high/chunklist_1080400.ts,.ts,chunk,1080400,0,,,,edge.cdn.local.ip:30080,,,,,,,0,0,0,,,,,,0,0,0,1
2026-03-06T11:48:10.138+00:00,http://edge.cdn.local.ip:30080/central.cdn.ip:8087/cat/3/a/0/live/smil:102.smil/102/102high/chunklist.m3u8?bcod=8bf7437b-457a-3a66-94ea-3ec5a50fc74f,edge.cdn.local.ip,/central.cdn.ip:8087/cat/3/a/0/live/smil:102.smil/102/102high/chunklist.m3u8,.m3u8,manifest,,0,,,,edge.cdn.local.ip:30080,,,,,,,0,0,0,,,,,,0,0,0,1
2026-03-06T11:48:19.437+00:00,http://edge.cdn.local.ip:30080/central.cdn.ip:8087/cat/3/a/0/live/smil:102.smil/102/102high/chunklist_1080400.ts?bcod=8bf7437b-457a-3a66-94ea-3ec5a50fc74f,edge.cdn.local.ip,/central.cdn.ip:8087/cat/3/a/0/live/smil:102.smil/102/102high/chunklist_1080400.ts,.ts,chunk,1080400,0,,,,edge.cdn.local.ip:30080,,,,,,,0,0,0,,,,,,0,0,0,1
2026-03-06T11:48:19.440+00:00,http://edge.cdn.local.ip:30080/central.cdn.ip:8087/cat/3/a/0/live/smil:102.smil/102/102high/chunklist.m3u8?bcod=8bf7437b-457a-3a66-94ea-3ec5a50fc74f,edge.cdn.local.ip,/central.cdn.ip:8087/cat/3/a/0/live/smil:102.smil/102/102high/chunklist.m3u8,.m3u8,manifest,,0,,,,edge.cdn.local.ip:30080,,,,,,,0,0,0,,,,,,0,0,0,1
2026-03-06T11:48:28.182+00:00,http://edge.cdn.local.ip:30080/central.cdn.ip:8087/cat/3/a/0/live/smil:102.smil/102/102high/chunklist_1080400.ts?bcod=8bf7437b-457a-3a66-94ea-3ec5a50fc74f,edge.cdn.local.ip,/central.cdn.ip:8087/cat/3/a/0/live/smil:102.smil/102/102high/chunklist_1080400.ts,.ts,chunk,1080400,0,,,,edge.cdn.local.ip:30080,,,,,,,0,0,0,,,,,,0,0,0,1
2026-03-06T11:48:28.187+00:00,http://edge.cdn.local.ip:30080/central.cdn.ip:8087/cat/3/a/0/live/smil:102.smil/102/102high/chunklist_1080400.ts?bcod=8bf7437b-457a-3a66-94ea-3ec5a50fc74f,edge.cdn.local.ip,/central.cdn.ip:8087/cat/3/a/0/live/smil:102.smil/102/102high/chunklist_1080400.ts,.ts,chunk,1080400,0,,,,edge.cdn.local.ip:30080,,,,0,base64,101,0,424,350,,0,349,1,101000.0,0,0,0,1
2026-03-06T11:48:28.191+00:00,http://edge.cdn.local.ip:30080/central.cdn.ip:8087/cat/3/a/0/live/smil:102.smil/102/102high/chunklist.m3u8?bcod=8bf7437b-457a-3a66-94ea-3ec5a50fc74f,edge.cdn.local.ip,/central.cdn.ip:8087/cat/3/a/0/live/smil:102.smil/102/102high/chunklist.m3u8,.m3u8,manifest,,0,,,,edge.cdn.local.ip:30080,,,,,,,0,0,0,,,,,,0,0,0,1
2026-03-06T11:48:33.094+00:00,http://central.cdn.ip:8087/central.cdn.ip:8087/cat/3/a/0/live/smil:115.smil/playlist.m3u8?DVR=true&bcod=8bf7437b-457a-3a66-94ea-3ec5a50fc74f,central.cdn.ip,/central.cdn.ip:8087/cat/3/a/0/live/smil:115.smil/playlist.m3u8,.m3u8,manifest,,400,Bad Request,central.cdn.ip,8087,central.cdn.ip:8087,text/plain; charset=UTF-8,,text/plain; charset=UTF-8,26,,146,120,435,164,,81,83,0,,0,0,1,1
2026-03-06T11:49:20.050+00:00,http://central.cdn.ip/getStreamer/live/115?bcod=8bf7437b-457a-3a66-94ea-3ec5a50fc74f,central.cdn.ip,/getStreamer/live/115,,other,,200,OK,central.cdn.ip,80,central.cdn.ip,text/plain,69,text/plain,52,,447,378,423,246,71,81,94,0,,1,0,0,0
2026-03-06T11:49:20.269+00:00,http://central2.cdn.ip:30082/central.cdn.ip:8087/cat/3/a/0/live/smil:115.smil/playlist.m3u8?DVR=true&bcod=8bf7437b-457a-3a66-94ea-3ec5a50fc74f,central2.cdn.ip,/central.cdn.ip:8087/cat/3/a/0/live/smil:115.smil/playlist.m3u8,.m3u8,manifest,,400,Bad Request,central2.cdn.ip,30082,central2.cdn.ip:30082,text/plain; charset=UTF-8,,text/plain; charset=UTF-8,26,,146,120,436,10301,82,81,90,10046,14.533147521401554,0,0,1,1
